^:<ptk=cb-t name=catalog caption=經名 scan=title type=tsv preload=true>	bulei	title	author
0001	阿含	長阿含經	^dy【後秦】^pr【佛陀耶舍】共^pr【竺佛念】譯
0002	阿含	七佛經	^dy【宋】^pr【法天】譯
0003	阿含	毘婆尸佛經	^dy【宋】^pr【法天】譯
0004	阿含	七佛父母姓字經	^pr【失譯】
0005	阿含	佛般泥洹經	^dy【西晉】^pr【白法祖】譯
0006	阿含	般泥洹經	^pr【失譯】
0007	阿含	大般涅槃經	^dy【東晉】^pr【法顯】譯
0008	阿含	大堅固婆羅門緣起經	^dy【宋】^pr【施護】等譯
0009	阿含	人仙經	^dy【宋】^pr【法賢】譯
0010	阿含	白衣金幢二婆羅門緣起經	^dy【宋】^pr【施護】等譯
0011	阿含	尼拘陀梵志經	^dy【宋】^pr【施護】等譯
0012	阿含	大集法門經	^dy【宋】^pr【施護】譯
0013	阿含	長阿含十報法經	^dy【後漢】^pr【安世高】譯
0014	阿含	人本欲生經	^dy【後漢】^pr【安世高】譯
0015	阿含	帝釋所問經	^dy【宋】^pr【法賢】譯
0016	阿含	尸迦羅越六方禮經	^dy【後漢】^pr【安世高】譯
0017	阿含	善生子經	^dy【西晉】^pr【支法度】譯
0018	阿含	信佛功德經	^dy【宋】^pr【法賢】譯
0019	阿含	大三摩惹經	^dy【宋】^pr【法天】譯
0020	阿含	佛開解梵志阿颰經	^dy【吳】^pr【支謙】譯
0021	阿含	梵網六十二見經	^dy【吳】^pr【支謙】譯
0022	阿含	寂志果經	^dy【東晉】^pr【竺曇無蘭】譯
0023	阿含	大樓炭經	^dy【西晉】^pr【法立】共^pr【法炬】譯
0024	阿含	起世經	^dy【隋】^pr【闍那崛多】等譯
0025	阿含	起世因本經	^dy【隋】^pr【達摩笈多】譯
0026	阿含	中阿含經	^dy【東晉】^pr【瞿曇僧伽提婆】譯
0027	阿含	七知經	^dy【吳】^pr【支謙】譯
0028	阿含	園生樹經	^dy【宋】^pr【施護】譯
0029	阿含	鹹水喻經	^pr【失譯】
0030	阿含	薩鉢多酥哩踰捺野經	^dy【宋】^pr【法賢】譯
0031	阿含	一切流攝守因經	^dy【後漢】^pr【安世高】譯
0032	阿含	四諦經	^dy【後漢】^pr【安世高】譯
0033	阿含	恒水經	^dy【西晉】^pr【法炬】譯
0034	阿含	法海經	^dy【西晉】^pr【法炬】譯
0035	阿含	海八德經	^dy【後秦】^pr【鳩摩羅什】譯
0036	阿含	本相猗致經	^dy【後漢】^pr【安世高】譯
0037	阿含	緣本致經	^pr【失譯】
0038	阿含	輪王七寶經	^dy【宋】^pr【施護】譯
0039	阿含	頂生王故事經	^dy【西晉】^pr【法炬】譯
0040	阿含	文陀竭王經	^dy【北涼】^pr【曇無讖】譯
0041	阿含	頻婆娑羅王經	^dy【宋】^pr【法賢】譯
0042	阿含	鐵城泥犁經	^dy【東晉】^pr【竺曇無蘭】譯
0043	阿含	閻羅王五天使者經	^dy【劉宋】^pr【慧簡】譯
0044	阿含	古來世時經	^pr【失譯】
0045	阿含	大正句王經	^dy【宋】^pr【法賢】譯
0046	阿含	阿那律八念經	^dy【後漢】^pr【支曜】譯
0047	阿含	離睡經	^dy【西晉】^pr【竺法護】譯
0048	阿含	是法非法經	^dy【後漢】^pr【安世高】譯
0049	阿含	求欲經	^dy【西晉】^pr【法炬】譯
0050	阿含	受歲經	^dy【西晉】^pr【竺法護】譯
0051	阿含	梵志計水淨經	^pr【失譯】
0052	阿含	大生義經	^dy【宋】^pr【施護】譯
0053	阿含	苦陰經	^pr【失譯】
0054	阿含	釋摩男本四子經	^dy【吳】^pr【支謙】譯
0055	阿含	苦陰因事經	^dy【西晉】^pr【法炬】譯
0056	阿含	樂想經	^dy【西晉】^pr【竺法護】譯
0057	阿含	漏分布經	^dy【後漢】^pr【安世高】譯
0058	阿含	阿耨風經	^dy【東晉】^pr【竺曇無蘭】譯
0059	阿含	諸法本經	^dy【吳】^pr【支謙】譯
0060	阿含	瞿曇彌記果經	^dy【劉宋】^pr【慧簡】譯
0061	阿含	受新歲經	^dy【西晉】^pr【竺法護】譯
0062	阿含	新歲經	^dy【東晉】^pr【竺曇無蘭】譯
0063	阿含	解夏經	^dy【宋】^pr【法賢】譯
0064	阿含	瞻婆比丘經	^dy【西晉】^pr【法炬】譯
0065	阿含	伏婬經	^dy【西晉】^pr【法炬】譯
0066	阿含	魔嬈亂經	^pr【失譯】
0067	阿含	弊魔試目連經	^dy【吳】^pr【支謙】譯
0068	阿含	賴吒和羅經	^dy【吳】^pr【支謙】譯
0069	阿含	護國經	^dy【宋】^pr【法賢】譯
0070	阿含	數經	^dy【西晉】^pr【法炬】譯
0071	阿含	梵志頞波羅延問種尊經	^dy【東晉】^pr【竺曇無蘭】譯
0072	阿含	三歸五戒慈心厭離功德經	^pr【失譯】
0073	阿含	須達經	^dy【蕭齊】^pr【求那毘地】譯
0074	阿含	長者施報經	^dy【宋】^pr【法天】譯
0075	阿含	佛為黃竹園老婆羅門說學經	^pr【失譯】
0076	阿含	梵摩渝經	^dy【吳】^pr【支謙】譯
0077	阿含	尊上經	^dy【西晉】^pr【竺法護】譯
0078	阿含	兜調經	^pr【失譯】
0079	阿含	鸚鵡經	^dy【劉宋】^pr【求那跋陀羅】譯
0080	阿含	佛為首迦長者說業報差別經	^dy【隋】^pr【瞿曇法智】譯
0081	阿含	分別善惡報應經	^dy【宋】^pr【天息災】譯
0082	阿含	意經	^dy【西晉】^pr【竺法護】譯
0083	阿含	應法經	^dy【西晉】^pr【竺法護】譯
0084	阿含	分別布施經	^dy【宋】^pr【施護】譯
0085	阿含	息諍因緣經	^dy【宋】^pr【施護】譯
0086	阿含	泥犁經	^dy【東晉】^pr【竺曇無蘭】譯
0087	阿含	齋經	^dy【吳】^pr【支謙】譯
0088	阿含	優陂夷墮舍迦經	^pr【失譯】
0089	阿含	八關齋經	^dy【劉宋】^pr【沮渠京聲】譯
0090	阿含	鞞摩肅經	^dy【劉宋】^pr【求那跋陀羅】譯
0091	阿含	婆羅門子命終愛念不離經	^dy【後漢】^pr【安世高】譯
0092	阿含	十支居士八城人經	^dy【後漢】^pr【安世高】譯
0093	阿含	邪見經	^pr【失譯】
0094	阿含	箭喻經	^pr【失譯】
0095	阿含	蟻喻經	^dy【宋】^pr【施護】譯
0096	阿含	治意經	^pr【失譯】
0097	阿含	廣義法門經	^dy【陳】^pr【真諦】譯
0098	阿含	普法義經	^dy【後漢】^pr【安世高】譯
0099	阿含	雜阿含經	^dy【劉宋】^pr【求那跋陀羅】譯
0100	阿含	別譯雜阿含經	^pr【失譯】
0101	阿含	雜阿含經	^pr【失譯】
0102	阿含	佛說五蘊皆空經	^dy【唐】^pr【義淨】譯
0103	阿含	佛說聖法印經	^dy【西晉】^pr【竺法護】譯
0104	阿含	佛說法印經	^dy【宋】^pr【施護】譯
0105	阿含	五陰譬喻經	^dy【後漢】^pr【安世高】譯
0106	阿含	佛說水沫所漂經	^dy【東晉】^pr【竺曇無蘭】譯
0107	阿含	佛說不自守意經	^dy【吳】^pr【支謙】譯
0108	阿含	佛說滿願子經	^pr【失譯】
0109	阿含	佛說轉法輪經	^dy【後漢】^pr【安世高】譯
0110	阿含	佛說三轉法輪經	^dy【唐】^pr【義淨】譯
0111	阿含	佛說相應相可經	^dy【西晉】^pr【法炬】譯
0112	阿含	佛說八正道經	^dy【後漢】^pr【安世高】譯
0113	阿含	佛說難提釋經	^dy【西晉】^pr【法炬】譯
0114	阿含	佛說馬有三相經	^dy【後漢】^pr【支曜】譯
0115	阿含	佛說馬有八態譬人經	^dy【後漢】^pr【支曜】譯
0116	阿含	佛說戒德香經	^dy【東晉】^pr【竺曇無蘭】譯
0117	阿含	佛說戒香經	^dy【宋】^pr【法賢】譯
0118	阿含	佛說鴦掘摩經	^dy【西晉】^pr【竺法護】譯
0119	阿含	佛說鴦崛髻經	^dy【西晉】^pr【法炬】譯
0120	阿含	央掘魔羅經	^dy【劉宋】^pr【求那跋陀羅】譯
0121	阿含	佛說月喻經	^dy【宋】^pr【施護】譯
0122	阿含	佛說波斯匿王太后崩塵土坌身經	^dy【西晉】^pr【法炬】譯
0123	阿含	佛說放牛經	^dy【後秦】^pr【鳩摩羅什】譯
0124	阿含	緣起經	^dy【唐】^pr【玄奘】譯
0125	阿含	增壹阿含經	^dy【東晉】^pr【瞿曇僧伽提婆】譯
0126	阿含	佛說阿羅漢具德經	^dy【宋】^pr【法賢】譯
0127	阿含	佛說四人出現世間經	^dy【劉宋】^pr【求那跋陀羅】譯
0128a	阿含	須摩提女經	^dy【吳】^pr【支謙】譯
0128b	阿含	須摩提女經	^dy【吳】^pr【支謙】譯
0129	阿含	佛說三摩竭經	^dy【吳】^pr【竺律炎】譯
0130	阿含	佛說給孤長者女得度因緣經	^dy【宋】^pr【施護】譯
0131	阿含	佛說婆羅門避死經	^dy【後漢】^pr【安世高】譯
0132a	阿含	佛說食施獲五福報經	^pr【失譯】
0132b	阿含	施食獲五福報經	^pr【失譯】
0133	阿含	頻毘娑羅王詣佛供養經	^dy【西晉】^pr【法炬】譯
0134	阿含	佛說長者子六過出家經	^dy【劉宋】^pr【慧簡】譯
0135	阿含	佛說力士移山經	^dy【西晉】^pr【竺法護】譯
0136	阿含	佛說四未曾有法經	^dy【西晉】^pr【竺法護】譯
0137	阿含	舍利弗摩訶目連遊四衢經	^dy【後漢】^pr【康孟詳】譯
0138	阿含	佛說十一想思念如來經	^dy【劉宋】^pr【求那跋陀羅】譯
0139	阿含	佛說四泥犁經	^dy【東晉】^pr【竺曇無蘭】譯
0140	阿含	阿那邠邸化七子經	^dy【後漢】^pr【安世高】譯
0141	阿含	佛說阿遬達經	^dy【劉宋】^pr【求那跋陀羅】譯
0142a	阿含	佛說玉耶女經	^pr【失譯】
0142b	阿含	玉耶女經	^pr【失譯】
0143	阿含	玉耶經	^dy【東晉】^pr【竺曇無蘭】譯
0144	阿含	佛說大愛道般泥洹經	^dy【西晉】^pr【白法祖】譯
0145	阿含	佛母般泥洹經	^dy【劉宋】^pr【慧簡】譯
0146	阿含	舍衛國王夢見十事經	^pr【失譯】
0147	阿含	佛說舍衛國王十夢經	^pr【失譯】
0148	阿含	國王不梨先泥十夢經	^dy【東晉】^pr【竺曇無蘭】譯
0149	阿含	佛說阿難同學經	^dy【後漢】^pr【安世高】譯
0150a	阿含	七處三觀經	^dy【後漢】^pr【安世高】譯
0150b	阿含	九橫經	^dy【後漢】^pr【安世高】譯
0151	阿含	佛說阿含正行經	^dy【後漢】^pr【安世高】譯
0152	本緣	六度集經	^dy【吳】^pr【康僧會】譯
0153	本緣	菩薩本緣經	^dy【吳】^pr【支謙】譯
0154	本緣	生經	^dy【西晉】^pr【竺法護】譯
0155	本緣	菩薩本行經	^pr【失譯】
0156	本緣	大方便佛報恩經	^pr【失譯】
0157	本緣	悲華經	^dy【北涼】^pr【曇無讖】譯
0158	本緣	大乘悲分陀利經	^pr【失譯】
0159	本緣	大乘本生心地觀經	^dy【唐】^pr【般若】譯
0160	本緣	菩薩本生鬘論	^dy【宋】^pr【紹德慧詢】等譯
0161	本緣	長壽王經	^pr【失譯】
0162	本緣	金色王經	^dy【東魏】^pr【瞿曇般若流支】譯
0163	本緣	妙色王因緣經	^dy【唐】^pr【義淨】譯
0164	本緣	師子素馱娑王斷肉經	^dy【唐】^pr【智嚴】譯
0165	本緣	頂生王因緣經	^dy【宋】^pr【施護】等譯
0166	本緣	月光菩薩經	^dy【宋】^pr【法賢】譯
0167	本緣	太子慕魄經	^dy【後漢】^pr【安世高】譯
0168	本緣	太子墓魄經	^dy【西晉】^pr【竺法護】譯
0169	本緣	月明菩薩經	^dy【吳】^pr【支謙】譯
0170	本緣	德光太子經	^dy【西晉】^pr【竺法護】譯
0171	本緣	太子須大拏經	^dy【西秦】^pr【聖堅】譯
0172	本緣	菩薩投身飴餓虎起塔因緣經	^dy【北涼】^pr【法盛】譯
0173	本緣	福力太子因緣經	^dy【宋】^pr【施護】等譯
0174	本緣	菩薩睒子經	^pr【失譯】
0175a	本緣	睒子經	^dy【西秦】^pr【聖堅】譯
0175b	本緣	佛說睒子經	^dy【乞伏秦】^pr【聖堅】譯
0175c	本緣	佛說睒子經	^dy【姚秦】^pr【聖堅】譯
0176	本緣	師子月佛本生經	^pr【失譯】
0177	本緣	大意經	^dy【劉宋】^pr【求那跋陀羅】譯
0178	本緣	前世三轉經	^dy【西晉】^pr【法炬】譯
0179	本緣	銀色女經	^dy【元魏】^pr【佛陀扇多】譯
0180	本緣	過去世佛分衛經	^dy【西晉】^pr【竺法護】譯
0181a	本緣	九色鹿經	^dy【吳】^pr【支謙】譯
0181b	本緣	佛說九色鹿經	^dy【吳】^pr【支謙】譯
0182a	本緣	鹿母經	^dy【西晉】^pr【竺法護】譯
0182b	本緣	佛說鹿母經	^dy【西晉】^pr【竺法護】譯
0183	本緣	一切智光明仙人慈心因緣不食肉經	^pr【失譯】
0184	本緣	修行本起經	^dy【後漢】^pr【竺大力】共^pr【康孟詳】譯
0185	本緣	太子瑞應本起經	^dy【吳】^pr【支謙】譯
0186	本緣	普曜經	^dy【西晉】^pr【竺法護】譯
0187	本緣	方廣大莊嚴經	^dy【唐】^pr【地婆訶羅】譯
0188	本緣	異出菩薩本起經	^dy【西晉】^pr【聶道真】譯
0189	本緣	過去現在因果經	^dy【劉宋】^pr【求那跋陀羅】譯
0190	本緣	佛本行集經	^dy【隋】^pr【闍那崛多】譯
0191	本緣	眾許摩訶帝經	^dy【宋】^pr【法賢】譯
0192	本緣	佛所行讚	^pr【馬鳴菩薩】造^dy【北涼】^pr【曇無讖】譯
0193	本緣	佛本行經	^dy【宋】^pr【釋寶雲】譯
0194	本緣	僧伽羅剎所集經	^dy【符秦】^pr【僧伽跋澄】等譯
0195	本緣	佛說十二遊經	^dy【東晉】^pr【迦留陀伽】譯
0196	本緣	中本起經	^dy【後漢】^pr【曇果】共^pr【康孟詳】譯
0197	本緣	佛說興起行經	^dy【後漢】^pr【康孟詳】譯
0198	本緣	佛說義足經	^dy【吳】^pr【支謙】譯
0199	本緣	佛五百弟子自說本起經	^dy【西晉】^pr【竺法護】譯
0200	本緣	撰集百緣經	^dy【吳】^pr【支謙】譯
0201	本緣	大莊嚴論經	^pr【馬鳴菩薩】造^dy【後秦】^pr【鳩摩羅什】譯
0202	本緣	賢愚經	^dy【元魏】^pr【慧覺】等譯
0203	本緣	雜寶藏經	^dy【元魏】^pr【吉迦夜】共^pr【曇曜】譯
0204	本緣	雜譬喻經	^dy【後漢】^pr【支婁迦讖】譯
0205	本緣	雜譬喻經	^pr【失譯】
0206	本緣	舊雜譬喻經	^dy【吳】^pr【康僧會】譯
0207	本緣	雜譬喻經	^pr【道略】集
0208	本緣	眾經撰雜譬喻	^pr【道略】集^dy【姚秦】^pr【鳩摩羅什】譯
0209	本緣	百喻經	^pr【僧伽斯那】撰^dy【蕭齊】^pr【求那毘地】譯
0210	本緣	法句經	^pr【法救】撰^dy【吳】^pr【維祇難】等譯
0211	本緣	法句譬喻經	^dy【晉世】^pr【法炬】共^pr【法立】譯
0212	本緣	出曜經	^dy【姚秦】^pr【竺佛念】譯
0213	本緣	法集要頌經	^pr【法救】集^dy【宋】^pr【天息災】譯
0214	本緣	猘狗經	^dy【吳】^pr【支謙】譯
0215	本緣	群牛譬經	^dy【西晉】^pr【法炬】譯
0216	本緣	大魚事經	^dy【東晉】^pr【竺曇無蘭】譯
0217	本緣	譬喻經	^dy【唐】^pr【義淨】譯
0218	本緣	灌頂王喻經	^dy【宋】^pr【施護】等譯
0219	本緣	醫喻經	^dy【宋】^pr【施護】譯
0220	般若	大般若波羅蜜多經	^dy【唐】^pr【玄奘】譯
0221	般若	放光般若經	^dy【西晉】^pr【無羅叉】譯
0222	般若	光讚經	^dy【西晉】^pr【竺法護】譯
0223	般若	摩訶般若波羅蜜經	^dy【後秦】^pr【鳩摩羅什】譯
0224	般若	道行般若經	^dy【後漢】^pr【支婁迦讖】譯
0225	般若	大明度經	^dy【吳】^pr【支謙】譯
0226	般若	摩訶般若鈔經	^dy【前秦】^pr【曇摩蜱】共^pr【竺佛念】譯
0227	般若	小品般若波羅蜜經	^dy【後秦】^pr【鳩摩羅什】譯
0228	般若	佛說佛母出生三法藏般若波羅蜜多經	^dy【宋】^pr【施護】譯
0229	般若	佛說佛母寶德藏般若波羅蜜經	^dy【宋】^pr【法賢】譯
0230	般若	聖八千頌般若波羅蜜多一百八名真實圓義陀羅尼經	^dy【宋】^pr【施護】等譯
0231	般若	勝天王般若波羅蜜經	^dy【陳】^pr【月婆首那】譯
0232	般若	文殊師利所說摩訶般若波羅蜜經	^dy【梁】^pr【曼陀羅仙】譯
0233	般若	文殊師利所說般若波羅蜜經	^dy【梁】^pr【僧伽婆羅】譯
0234	般若	佛說濡首菩薩無上清淨分衛經	^dy【宋】^pr【翔公】譯
0235	般若	金剛般若波羅蜜經	^dy【後秦】^pr【鳩摩羅什】譯
0236a	般若	金剛般若波羅蜜經	^dy【元魏】^pr【菩提流支】譯
0236b	般若	金剛般若波羅蜜經	^dy【元魏】^pr【菩提流支】譯
0237	般若	金剛般若波羅蜜經	^dy【陳】^pr【真諦】譯
0238	般若	金剛能斷般若波羅蜜經	^dy【隋】^pr【笈多】譯
0239	般若	佛說能斷金剛般若波羅蜜多經	^dy【唐】^pr【義淨】譯
0240	般若	實相般若波羅蜜經	^dy【唐】^pr【菩提流志】譯
0241	般若	金剛頂瑜伽理趣般若經	^dy【唐】^pr【金剛智】譯
0242	般若	佛說遍照般若波羅蜜經	^dy【宋】^pr【施護】譯
0243	般若	大樂金剛不空真實三麼耶經	^dy【唐】^pr【不空】譯
0244	般若	佛說最上根本大樂金剛不空三昧大教王經	^dy【宋】^pr【法賢】譯
0245	般若	佛說仁王般若波羅蜜經	^dy【後秦】^pr【鳩摩羅什】譯
0246	般若	仁王護國般若波羅蜜多經	^dy【唐】^pr【不空】譯
0247	般若	佛說了義般若波羅蜜多經	^dy【宋】^pr【施護】譯
0248	般若	佛說五十頌聖般若波羅蜜經	^dy【宋】^pr【施護】譯
0249	般若	佛說帝釋般若波羅蜜多心經	^dy【宋】^pr【施護】譯
0250	般若	摩訶般若波羅蜜大明呪經	^dy【姚秦】^pr【鳩摩羅什】譯
0251	般若	般若波羅蜜多心經	^dy【唐】^pr【玄奘】譯
0252	般若	普遍智藏般若波羅蜜多心經	^dy【唐】^pr【法月】重譯
0253	般若	般若波羅蜜多心經	^dy【唐】^pr【般若】共^pr【利言】等譯
0254	般若	般若波羅蜜多心經	^dy【唐】^pr【智慧輪】譯
0255	般若	般若波羅蜜多心經	^dy【唐】^pr【法成】譯
0256	般若	唐梵翻對字音般若波羅蜜多心經	
0257	般若	佛說聖佛母般若波羅蜜多經	^dy【宋】^pr【施護】譯
0258	般若	佛說聖佛母小字般若波羅蜜多經	^dy【宋】^pr【天息災】譯
0259	般若	佛說觀想佛母般若波羅蜜多菩薩經	^dy【宋】^pr【天息災】譯
0260	般若	佛說開覺自性般若波羅蜜多經	^dy【宋】^pr【惟淨】等譯
0261	般若	大乘理趣六波羅蜜多經	^dy【唐】^pr【般若】譯
0262	法華	妙法蓮華經	^dy【姚秦】^pr【鳩摩羅什】譯
0263	法華	正法華經	^dy【西晉】^pr【竺法護】譯
0264	法華	添品妙法蓮華經	^dy【隋】^pr【闍那崛多】共^pr【笈多】譯
0265	法華	薩曇分陀利經	^pr【失譯】
0266	法華	佛說阿惟越致遮經	^dy【西晉】^pr【竺法護】譯
0267	法華	不退轉法輪經	^pr【失譯】
0268	法華	佛說廣博嚴淨不退轉輪經	^dy【宋】^pr【智嚴】譯
0269	法華	佛說法華三昧經	^dy【宋】^pr【智嚴】譯
0270	法華	大法鼓經	^dy【劉宋】^pr【求那跋陀羅】譯
0271	法華	佛說菩薩行方便境界神通變化經	^dy【劉宋】^pr【求那跋陀羅】譯
0272	法華	大薩遮尼乾子所說經	^dy【元魏】^pr【菩提留支】譯
0273	法華	金剛三昧經	^pr【失譯】
0274	法華	佛說濟諸方等學經	^dy【西晉】^pr【竺法護】譯
0275	法華	大乘方廣總持經	^dy【隋】^pr【毘尼多流支】譯
0276	法華	無量義經	^dy【蕭齊】^pr【曇摩伽陀耶舍】譯
0277	法華	佛說觀普賢菩薩行法經	^dy【劉宋】^pr【曇無蜜多】譯
0278	華嚴	大方廣佛華嚴經	^dy【東晉】^pr【佛馱跋陀羅】譯
0279	華嚴	大方廣佛華嚴經	^dy【唐】^pr【實叉難陀】譯
0280	華嚴	佛說兜沙經	^dy【後漢】^pr【支婁迦讖】譯
0281	華嚴	佛說菩薩本業經	^dy【吳】^pr【支謙】譯
0282	華嚴	諸菩薩求佛本業經	^dy【西晉】^pr【聶道真】譯
0283	華嚴	菩薩十住行道品	^dy【西晉】^pr【竺法護】譯
0284	華嚴	佛說菩薩十住經	^dy【東晉】^pr【祇多蜜】譯
0285	華嚴	漸備一切智德經	^dy【西晉】^pr【竺法護】譯
0286	華嚴	十住經	^dy【姚秦】^pr【鳩摩羅什】譯
0287	華嚴	佛說十地經	^dy【唐】^pr【尸羅達摩】譯
0288	華嚴	等目菩薩所問三昧經	^dy【西晉】^pr【竺法護】譯
0289	華嚴	顯無邊佛土功德經	^dy【唐】^pr【玄奘】譯
0290	華嚴	佛說較量一切佛剎功德經	^dy【宋】^pr【法賢】譯
0291	華嚴	佛說如來興顯經	^dy【西晉】^pr【竺法護】譯
0292	華嚴	度世品經	^dy【西晉】^pr【竺法護】譯
0293	華嚴	大方廣佛華嚴經	^dy【唐】^pr【般若】譯
0294	華嚴	佛說羅摩伽經	^dy【西秦】^pr【聖堅】譯
0295	華嚴	大方廣佛華嚴經入法界品	^dy【唐】^pr【地婆訶羅】譯
0296	華嚴	文殊師利發願經	^dy【東晉】^pr【佛陀跋陀羅】譯
0297	華嚴	普賢菩薩行願讚	^dy【唐】^pr【不空】譯
0298	華嚴	大方廣普賢所說經	^dy【唐】^pr【實叉難陀】譯
0299	華嚴	大方廣總持寶光明經	^dy【宋】^pr【法天】譯
0300	華嚴	大方廣佛華嚴經不思議佛境界分	^dy【唐】^pr【提雲般若】譯
0301	華嚴	大方廣如來不思議境界經	^dy【唐】^pr【實叉難陀】譯
0302	華嚴	度諸佛境界智光嚴經	^pr【失譯】
0303	華嚴	佛華嚴入如來德智不思議境界經	^dy【隋】^pr【闍那崛多】譯
0304	華嚴	大方廣入如來智德不思議經	^dy【唐】^pr【實叉難陀】譯
0305	華嚴	信力入印法門經	^dy【元魏】^pr【曇摩流支】譯
0306	華嚴	大方廣佛花嚴經修慈分	^dy【唐】^pr【提雲般若】等譯
0307	華嚴	佛說莊嚴菩提心經	^dy【姚秦】^pr【鳩摩羅什】譯
0308	華嚴	佛說大方廣菩薩十地經	^dy【元魏】^pr【吉迦夜】譯
0309	華嚴	最勝問菩薩十住除垢斷結經	^dy【姚秦】^pr【竺佛念】譯
0310	寶積	大寶積經	^dy【唐】^pr【菩提流志】譯
0311	寶積	大方廣三戒經	^dy【北涼】^pr【曇無讖】譯
0312	寶積	佛說如來不思議祕密大乘經	^dy【宋】^pr【法護】譯
0313	寶積	阿閦佛國經	^dy【後漢】^pr【支婁迦讖】譯
0314	寶積	佛說大乘十法經	^dy【梁】^pr【僧伽婆羅】譯
0315a	寶積	佛說普門品經	^dy【西晉】^pr【竺法護】譯
0315b	寶積	佛說普門品經	^dy【西晉】^pr【竺法護】譯
0316	寶積	佛說大乘菩薩藏正法經	^dy【宋】^pr【法護】等譯
0317	寶積	佛說胞胎經	^dy【西晉】^pr【竺法護】譯
0318	寶積	文殊師利佛土嚴淨經	^dy【西晉】^pr【竺法護】譯
0319	寶積	大聖文殊師利菩薩佛剎功德莊嚴經	^dy【唐】^pr【不空】譯
0320	寶積	父子合集經	^dy【宋】^pr【日稱】等譯
0321	寶積	佛說護國尊者所問大乘經	^dy【宋】^pr【施護】譯
0322	寶積	法鏡經	^dy【後漢】^pr【安玄】譯
0323	寶積	郁迦羅越問菩薩行經	^dy【西晉】^pr【竺法護】譯
0324	寶積	佛說幻士仁賢經	^dy【西晉】^pr【竺法護】譯
0325	寶積	佛說決定毘尼經	^dy【西晉】^pr【燉煌三藏】譯
0326	寶積	佛說三十五佛名禮懺文	^dy【唐】^pr【不空】譯
0327	寶積	發覺淨心經	^dy【隋】^pr【闍那崛多】譯
0328	寶積	佛說須賴經	^dy【曹魏】^pr【白延】譯
0329	寶積	佛說須賴經	^dy【前涼】^pr【支施崙】譯
0330	寶積	佛說菩薩修行經	^dy【西晉】^pr【白法祖】譯
0331	寶積	佛說無畏授所問大乘經	^dy【宋】^pr【施護】等譯
0332	寶積	佛說優填王經	^dy【西晉】^pr【法炬】譯
0333	寶積	佛說大乘日子王所問經	^dy【宋】^pr【法天】譯
0334	寶積	佛說須摩提菩薩經	^dy【西晉】^pr【竺法護】譯
0335	寶積	佛說須摩提菩薩經	^dy【姚秦】^pr【鳩摩羅什】譯
0336	寶積	須摩提經	^dy【唐】^pr【菩提流志】譯
0337	寶積	佛說阿闍貰王女阿術達菩薩經	^dy【西晉】^pr【竺法護】譯
0338	寶積	佛說離垢施女經	^dy【西晉】^pr【竺法護】譯
0339	寶積	得無垢女經	^dy【元魏】^pr【瞿曇般若流支】譯
0340	寶積	文殊師利所說不思議佛境界經	^dy【唐】^pr【菩提流志】譯
0341	寶積	聖善住意天子所問經	^dy【元魏】^pr【毘目智仙】共^pr【般若流支】譯
0342	寶積	佛說如幻三昧經	^dy【西晉】^pr【竺法護】譯
0343	寶積	佛說太子刷護經	^dy【西晉】^pr【竺法護】譯
0344	寶積	佛說太子和休經	^pr【失譯】
0345	寶積	慧上菩薩問大善權經	^dy【西晉】^pr【竺法護】譯
0346	寶積	佛說大方廣善巧方便經	^dy【宋】^pr【施護】譯
0347	寶積	大乘顯識經	^dy【唐】^pr【地婆訶羅】譯
0348	寶積	佛說大乘方等要慧經	^dy【後漢】^pr【安世高】譯
0349	寶積	彌勒菩薩所問本願經	^dy【西晉】^pr【竺法護】譯
0350	寶積	佛說遺日摩尼寶經	^dy【後漢】^pr【支婁迦讖】譯
0351	寶積	佛說摩訶衍寶嚴經	^pr【失譯】
0352	寶積	佛說大迦葉問大寶積正法經	^dy【宋】^pr【施護】譯
0353	寶積	勝鬘師子吼一乘大方便方廣經	^dy【劉宋】^pr【求那跋陀羅】譯
0354	寶積	毘耶娑問經	^dy【元魏】^pr【瞿曇般若流支】譯
0355	寶積	入法界體性經	^dy【隋】^pr【闍那崛多】譯
0356	寶積	佛說寶積三昧文殊師利菩薩問法身經	^dy【後漢】^pr【安世高】譯
0357	寶積	如來莊嚴智慧光明入一切佛境界經	^dy【元魏】^pr【曇摩流支】譯
0358	寶積	度一切諸佛境界智嚴經	^dy【梁】^pr【僧伽婆羅】等譯
0359	寶積	佛說大乘入諸佛境界智光明莊嚴經	^dy【宋】^pr【法護】等譯
0360	淨土	佛說無量壽經	^dy【曹魏】^pr【康僧鎧】譯
0361	淨土	佛說無量清淨平等覺經	^dy【後漢】^pr【支婁迦讖】譯
0362	淨土	佛說阿彌陀三耶三佛薩樓佛檀過度人道經	^dy【吳】^pr【支謙】譯
0363	淨土	佛說大乘無量壽莊嚴經	^dy【宋】^pr【法賢】譯
0364	淨土	佛說大阿彌陀經	^dy【宋】^pr【王日休】校輯
0365	淨土	佛說觀無量壽佛經	^dy【宋】^pr【畺良耶舍】譯
0366	淨土	佛說阿彌陀經	^dy【姚秦】^pr【鳩摩羅什】譯
0367	淨土	稱讚淨土佛攝受經	^dy【唐】^pr【玄奘】譯
0368	淨土	拔一切業障根本得生淨土神呪	^dy【劉宋】^pr【求那跋陀羅】重譯
0369	淨土	阿彌陀佛說呪	
0370	淨土	阿彌陀鼓音聲王陀羅尼經	^pr【失譯】
0371	淨土	觀世音菩薩授記經	^dy【宋】^pr【曇無竭】譯
0372	淨土	佛說如幻三摩地無量印法門經	^dy【宋】^pr【施護】等譯
0373	淨土	後出阿彌陀佛偈	^pr【失譯】
0374	涅槃	大般涅槃經	^dy【北涼】^pr【曇無讖】譯
0375	涅槃	大般涅槃經	^dy【宋】^pr【慧嚴】等依泥洹經加之
0376	涅槃	佛說大般泥洹經	^dy【東晉】^pr【法顯】譯
0377	涅槃	大般涅槃經後分	^dy【唐】^pr【若那跋陀羅】譯
0378	涅槃	佛說方等般泥洹經	^dy【西晉】^pr【竺法護】譯
0379	涅槃	四童子三昧經	^dy【隋】^pr【闍那崛多】譯
0380	涅槃	大悲經	^dy【高齊】^pr【那連提耶舍】譯
0381	涅槃	等集眾德三昧經	^dy【西晉】^pr【竺法護】譯
0382	涅槃	集一切福德三昧經	^dy【姚秦】^pr【鳩摩羅什】譯
0383	涅槃	摩訶摩耶經	^dy【蕭齊】^pr【曇景】譯
0384	涅槃	菩薩從兜術天降神母胎說廣普經	^dy【姚秦】^pr【竺佛念】譯
0385	涅槃	中陰經	^dy【姚秦】^pr【竺佛念】譯
0386	涅槃	蓮華面經	^dy【隋】^pr【那連提耶舍】譯
0387	涅槃	大方等無想經	^dy【北涼】^pr【曇無讖】譯
0388	涅槃	大雲無想經卷第九	^dy【姚秦】^pr【竺佛念】譯
0389	涅槃	佛垂般涅槃略說教誡經	^dy【姚秦】^pr【鳩摩羅什】譯
0390	涅槃	佛臨涅槃記法住經	^dy【唐】^pr【玄奘】譯
0391	涅槃	般泥洹後灌臘經	^dy【西晉】^pr【竺法護】譯
0392	涅槃	佛滅度後棺斂葬送經	^pr【失譯】
0393	涅槃	迦葉赴佛般涅槃經	^dy【東晉】^pr【竺曇無蘭】譯
0394	涅槃	佛入涅槃密迹金剛力士哀戀經	^pr【失譯】
0395	涅槃	佛說當來變經	^dy【西晉】^pr【竺法護】譯
0396	涅槃	佛說法滅盡經	^pr【失譯】
0397	大集	大方等大集經	^dy【北涼】^pr【曇無讖】譯
0398	大集	大哀經	^dy【西晉】^pr【竺法護】譯
0399	大集	寶女所問經	^dy【西晉】^pr【竺法護】譯
0400	大集	佛說海意菩薩所問淨印法門經	^dy【宋】^pr【惟淨】等譯
0401	大集	佛說無言童子經	^dy【西晉】^pr【竺法護】譯
0402	大集	寶星陀羅尼經	^dy【唐】^pr【波羅頗蜜多羅】譯
0403	大集	阿差末菩薩經	^dy【西晉】^pr【竺法護】譯
0404	大集	大集大虛空藏菩薩所問經	^dy【唐】^pr【不空】譯
0405	大集	虛空藏菩薩經	^dy【姚秦】^pr【佛陀耶舍】譯
0406	大集	虛空藏菩薩神呪經	^pr【失譯】
0407	大集	虛空藏菩薩神呪經	^dy【宋】^pr【曇摩蜜多】譯
0408	大集	虛空孕菩薩經	^dy【隋】^pr【闍那崛多】譯
0409	大集	觀虛空藏菩薩經	^dy【劉宋】^pr【曇摩蜜多】譯
0410	大集	大方廣十輪經	^pr【失譯】
0411	大集	大乘大集地藏十輪經	^dy【唐】^pr【玄奘】譯
0412	大集	地藏菩薩本願經	^dy【唐】^pr【實叉難陀】譯
0413	大集	百千頌大集經地藏菩薩請問法身讚	^dy【唐】^pr【不空】譯
0414	大集	菩薩念佛三昧經	^dy【劉宋】^pr【功德直】譯
0415	大集	大方等大集經菩薩念佛三昧分	^dy【隋】^pr【達磨笈多】譯
0416	大集	大方等大集經賢護分	^dy【隋】^pr【闍那崛多】譯
0417	大集	般舟三昧經	^dy【後漢】^pr【支婁迦讖】譯
0418	大集	般舟三昧經	^dy【後漢】^pr【支婁迦讖】譯
0419	大集	拔陂菩薩經	^pr【失譯】
0420	大集	自在王菩薩經	^dy【姚秦】^pr【鳩摩羅什】譯
0421	大集	奮迅王問經	^dy【元魏】^pr【瞿曇般若流支】譯
0422	大集	大集譬喻王經	^dy【隋】^pr【闍那崛多】譯
0423	大集	僧伽吒經	^dy【元魏】^pr【月婆首那】譯
0424	大集	大集會正法經	^dy【宋】^pr【施護】譯
0425	經集	賢劫經	^dy【西晉】^pr【竺法護】譯
0426	經集	佛說千佛因緣經	^dy【後秦】^pr【鳩摩羅什】譯
0427	經集	佛說八吉祥神呪經	^dy【吳】^pr【支謙】譯
0428	經集	佛說八陽神呪經	^dy【西晉】^pr【竺法護】譯
0429	經集	佛說八部佛名經	^dy【元魏】^pr【瞿曇般若流支】譯
0430	經集	八吉祥經	^dy【梁】^pr【僧伽婆羅】譯
0431	經集	八佛名號經	^dy【隋】^pr【闍那崛多】譯
0432	經集	佛說十吉祥經	^pr【失譯】
0433	經集	佛說寶網經	^dy【西晉】^pr【竺法護】譯
0434	經集	佛說稱揚諸佛功德經	^dy【元魏】^pr【吉迦夜】譯
0435	經集	佛說滅十方冥經	^dy【西晉】^pr【竺法護】譯
0436	經集	受持七佛名號所生功德經	^dy【唐】^pr【玄奘】譯
0437	經集	大乘寶月童子問法經	^dy【宋】^pr【施護】譯
0438	經集	佛說大乘大方廣佛冠經	^dy【宋】^pr【法護】等譯
0439	經集	佛說諸佛經	^dy【宋】^pr【施護】譯
0440	經集	佛說佛名經	^dy【元魏】^pr【菩提流支】譯
0441	經集	佛說佛名經	
0442	經集	十方千五百佛名經	^pr【失譯】
0443	經集	五千五百佛名神呪除障滅罪經	^dy【隋】^pr【闍那崛多】譯
0444	經集	佛說百佛名經	^dy【隋】^pr【那連提耶舍】譯
0445	經集	佛說不思議功德諸佛所護念經	^pr【失譯】
0446a	經集	過去莊嚴劫千佛名經	^pr【闕譯】
0446b	經集	過去莊嚴劫千佛名經	^pr【失譯】
0447a	經集	現在賢劫千佛名經	^pr【闕譯】
0447b	經集	現在賢劫千佛名經	^pr【失譯】
0448a	經集	未來星宿劫千佛名經	^pr【闕譯】
0448b	經集	未來星宿劫千佛名經	^pr【失譯】
0449	經集	佛說藥師如來本願經	^dy【隋】^pr【達摩笈多】譯
0450	經集	藥師琉璃光如來本願功德經	^dy【唐】^pr【玄奘】譯
0451	經集	藥師琉璃光七佛本願功德經	^dy【唐】^pr【義淨】譯
0452	經集	佛說觀彌勒菩薩上生兜率天經	^dy【宋】^pr【沮渠京聲】譯
0453	經集	佛說彌勒下生經	^dy【西晉】^pr【竺法護】譯
0454	經集	佛說彌勒下生成佛經	^dy【後秦】^pr【鳩摩羅什】譯
0455	經集	佛說彌勒下生成佛經	^dy【唐】^pr【義淨】譯
0456	經集	佛說彌勒大成佛經	^dy【姚秦】^pr【鳩摩羅什】譯
0457	經集	佛說彌勒來時經	^pr【失譯】
0458	經集	文殊師利問菩薩署經	^dy【後漢】^pr【支婁迦讖】譯
0459	經集	佛說文殊悔過經	^dy【西晉】^pr【竺法護】譯
0460	經集	佛說文殊師利淨律經	^dy【西晉】^pr【竺法護】譯
0461	經集	佛說文殊師利現寶藏經	^dy【西晉】^pr【竺法護】譯
0462	經集	大方廣寶篋經	^dy【劉宋】^pr【求那跋陀羅】譯
0463	經集	佛說文殊師利般涅槃經	^dy【西晉】^pr【聶道真】譯
0464	經集	文殊師利問菩提經	^dy【姚秦】^pr【鳩摩羅什】譯
0465	經集	伽耶山頂經	^dy【元魏】^pr【菩提流支】譯
0466	經集	佛說象頭精舍經	^dy【隋】^pr【毘尼多流支】譯
0467	經集	大乘伽耶山頂經	^dy【唐】^pr【菩提流志】譯
0468	經集	文殊師利問經	^dy【梁】^pr【僧伽婆羅】譯
0469	經集	文殊問經字母品第十四	^dy【唐】^pr【不空】譯
0470	經集	佛說文殊師利巡行經	^dy【元魏】^pr【菩提流支】譯
0471	經集	佛說文殊師利行經	^dy【隋】^pr【豆那掘多】譯
0472	經集	佛說大乘善見變化文殊師利問法經	^dy【宋】^pr【天息災】譯
0473	經集	佛說妙吉祥菩薩所問大乘法螺經	^dy【宋】^pr【法賢】譯
0474	經集	佛說維摩詰經	^dy【吳】^pr【支謙】譯
0475	經集	維摩詰所說經	^dy【姚秦】^pr【鳩摩羅什】譯
0476	經集	說無垢稱經	^dy【唐】^pr【玄奘】譯
0477	經集	佛說大方等頂王經	^dy【西晉】^pr【竺法護】譯
0478	經集	大乘頂王經	^dy【梁】^pr【月婆首那】譯
0479	經集	善思童子經	^dy【隋】^pr【闍那崛多】譯
0480	經集	佛說月上女經	^dy【隋】^pr【闍那崛多】譯
0481	經集	持人菩薩經	^dy【西晉】^pr【竺法護】譯
0482	經集	持世經	^dy【姚秦】^pr【鳩摩羅什】譯
0483	經集	三曼陀跋陀羅菩薩經	^dy【西晉】^pr【聶道真】譯
0484	經集	不思議光菩薩所說經	^dy【後秦】^pr【鳩摩羅什】譯
0485	經集	無所有菩薩經	^dy【隋】^pr【闍那崛多】等譯
0486	經集	師子莊嚴王菩薩請問經	^dy【唐】^pr【那提】譯
0487	經集	離垢慧菩薩所問禮佛法經	^dy【唐】^pr【那提】譯
0488	經集	寶授菩薩菩提行經	^dy【宋】^pr【法賢】譯
0489	經集	佛說除蓋障菩薩所問經	^dy【宋】^pr【法護】等譯
0490	經集	佛說八大菩薩經	^dy【宋】^pr【法賢】譯
0491	經集	六菩薩亦當誦持經	^pr【失譯】
0492a	經集	佛說阿難問事佛吉凶經	^dy【後漢】^pr【安世高】譯
0492b	經集	阿難問事佛吉凶經	^dy【後漢】^pr【安世高】譯
0493	經集	佛說阿難四事經	^dy【吳】^pr【支謙】譯
0494	經集	阿難七夢經	^dy【東晉】^pr【竺曇無蘭】譯
0495	經集	佛說阿難分別經	^dy【乞伏秦】^pr【法堅】譯
0496	經集	佛說大迦葉本經	^dy【西晉】^pr【竺法護】譯
0497	經集	佛說摩訶迦葉度貧母經	^dy【劉宋】^pr【求那跋陀羅】譯
0498	經集	佛說初分說經	^dy【宋】^pr【施護】譯
0499	經集	佛為阿支羅迦葉自化作苦經	^pr【失譯】
0500	經集	羅云忍辱經	^dy【西晉】^pr【法炬】譯
0501	經集	佛說沙曷比丘功德經	^dy【西晉】^pr【法炬】譯
0502	經集	佛為年少比丘說正事經	^dy【西晉】^pr【法炬】譯
0503	經集	比丘避女惡名欲自殺經	^dy【西晉】^pr【法炬】譯
0504	經集	比丘聽施經	^dy【東晉】^pr【曇無蘭】譯
0505	經集	佛說隨勇尊者經	^dy【宋】^pr【施護】等譯
0506	經集	犍陀國王經	^dy【後漢】^pr【安世高】譯
0507	經集	佛說未生冤經	^dy【吳】^pr【支謙】譯
0508	經集	阿闍世王問五逆經	^dy【西晉】^pr【法炬】譯
0509	經集	阿闍世王授決經	^dy【西晉】^pr【法炬】譯
0510	經集	採花違王上佛授決號妙花經	^dy【東晉】^pr【竺曇無蘭】譯
0511	經集	佛說蓱沙王五願經	^dy【吳】^pr【支謙】譯
0512	經集	佛說淨飯王般涅槃經	^dy【劉宋】^pr【沮渠京聲】譯
0513	經集	佛說琉璃王經	^dy【西晉】^pr【竺法護】譯
0514	經集	佛說諫王經	^dy【劉宋】^pr【沮渠京聲】譯
0515	經集	如來示教勝軍王經	^dy【唐】^pr【玄奘】譯
0516	經集	佛說勝軍王所問經	^dy【宋】^pr【施護】譯
0517	經集	佛說末羅王經	^dy【劉宋】^pr【沮渠京聲】譯
0518	經集	佛說旃陀越國王經	^dy【劉宋】^pr【沮渠京聲】譯
0519	經集	佛說摩達國王經	^dy【劉宋】^pr【沮渠京聲】譯
0520	經集	佛說薩羅國經	^pr【失譯】
0521	經集	佛說梵摩難國王經	^pr【失譯】
0522	經集	普達王經	^pr【失譯】
0523	經集	佛說五王經	^pr【失譯】
0524	經集	佛為優填王說王法政論經	^dy【唐】^pr【不空】譯
0525	經集	佛說長者子懊惱三處經	^dy【後漢】^pr【安世高】譯
0526	經集	佛說長者子制經	^dy【後漢】^pr【安世高】譯
0527	經集	佛說逝童子經	^dy【西晉】^pr【支法度】譯
0528	經集	佛說菩薩逝經	^dy【西晉】^pr【白法祖】譯
0529	經集	佛說阿鳩留經	^pr【失譯】
0530	經集	佛說須摩提長者經	^dy【吳】^pr【支謙】譯
0531	經集	佛說長者音悅經	^dy【吳】^pr【支謙】譯
0532	經集	私呵昧經	^dy【吳】^pr【支謙】譯
0533	經集	菩薩生地經	^dy【吳】^pr【支謙】譯
0534	經集	佛說月光童子經	^dy【西晉】^pr【竺法護】譯
0535	經集	佛說申日經	^dy【西晉】^pr【竺法護】譯
0536	經集	申日兒本經	^dy【劉宋】^pr【求那跋陀羅】譯
0537	經集	佛說越難經	^dy【西晉】^pr【聶承遠】譯
0538	經集	佛說呵雕阿那鋡經	^dy【東晉】^pr【竺曇無蘭】譯
0539	經集	盧至長者因緣經	^pr【失譯】
0540a	經集	佛說樹提伽經	^dy【劉宋】^pr【求那跋陀羅】譯
0540b	經集	佛說樹提伽經	^dy【劉宋】^pr【求那跋陀羅】譯
0541	經集	佛說佛大僧大經	^dy【劉宋】^pr【沮渠京聲】譯
0542	經集	佛說耶祇經	^dy【劉宋】^pr【沮渠京聲】譯
0543	經集	佛說巨力長者所問大乘經	^dy【宋】^pr【智吉祥】等譯
0544	經集	辯意長者子經	^dy【後魏】^pr【法場】譯
0545	經集	佛說德護長者經	^dy【隋】^pr【那連提耶舍】譯
0546	經集	佛說金耀童子經	^dy【宋】^pr【天息災】譯
0547	經集	大花嚴長者問佛那羅延力經	^dy【唐】^pr【般若】共^pr【利言】譯
0548	經集	佛說金光王童子經	^dy【宋】^pr【法賢】譯
0549	經集	佛說光明童子因緣經	^dy【宋】^pr【施護】譯
0550	經集	金色童子因緣經	^dy【宋】^pr【惟淨】等譯
0551	經集	佛說摩鄧女經	^dy【後漢】^pr【安世高】譯
0552	經集	佛說摩登女解形中六事經	^pr【失譯】
0553	經集	佛說㮈女祇域因緣經	^dy【後漢】^pr【安世高】譯
0554	經集	佛說奈女耆婆經	^dy【後漢】^pr【安世高】譯
0555a	經集	五母子經	^dy【吳】^pr【支謙】譯
0555b	經集	五母子經	^dy【吳】^pr【支謙】譯
0556	經集	佛說七女經	^dy【吳】^pr【支謙】譯
0557	經集	佛說龍施女經	^dy【吳】^pr【支謙】譯
0558	經集	佛說龍施菩薩本起經	^dy【西晉】^pr【竺法護】譯
0559	經集	佛說老女人經	^dy【吳】^pr【支謙】譯
0560	經集	佛說老母女六英經	^dy【劉宋】^pr【求那跋陀羅】譯
0561	經集	佛說老母經	^pr【失譯】
0562	經集	佛說無垢賢女經	^dy【西晉】^pr【竺法護】譯
0563	經集	佛說腹中女聽經	^dy【北涼】^pr【曇無讖】譯
0564	經集	佛說轉女身經	^dy【劉宋】^pr【曇摩蜜多】譯
0565	經集	順權方便經	^dy【西晉】^pr【竺法護】譯
0566	經集	樂瓔珞莊嚴方便品經	^dy【姚秦】^pr【曇摩耶舍】譯
0567	經集	佛說梵志女首意經	^dy【西晉】^pr【竺法護】譯
0568	經集	有德女所問大乘經	^dy【唐】^pr【菩提流志】譯
0569	經集	佛說心明經	^dy【西晉】^pr【竺法護】譯
0570	經集	佛說賢首經	^dy【西秦】^pr【聖堅】譯
0571	經集	佛說婦人遇辜經	^dy【乞伏秦】^pr【聖堅】譯
0572	經集	佛說長者法志妻經	^pr【失譯】
0573	經集	差摩婆帝授記經	^dy【元魏】^pr【菩提流支】譯
0574	經集	佛說堅固女經	^dy【隋】^pr【那連提耶舍】譯
0575	經集	佛說大方等修多羅王經	^dy【後魏】^pr【菩提流支】譯
0576	經集	佛說轉有經	^dy【元魏】^pr【佛陀扇多】譯
0577	經集	佛說大乘流轉諸有經	^dy【唐】^pr【義淨】譯
0578	經集	無垢優婆夷問經	^dy【後魏】^pr【瞿曇般若流支】譯
0579	經集	優婆夷淨行法門經	^pr【失譯】
0580	經集	佛說長者女菴提遮師子吼了義經	^pr【失譯】
0581	經集	佛說八師經	^dy【吳】^pr【支謙】譯
0582	經集	佛說孫多耶致經	^dy【吳】^pr【支謙】譯
0583	經集	佛說黑氏梵志經	^dy【吳】^pr【支謙】譯
0584	經集	長爪梵志請問經	^dy【唐】^pr【義淨】譯
0585	經集	持心梵天所問經	^dy【西晉】^pr【竺法護】譯
0586	經集	思益梵天所問經	^dy【姚秦】^pr【鳩摩羅什】譯
0587	經集	勝思惟梵天所問經	^dy【元魏】^pr【菩提流支】譯
0588	經集	佛說須真天子經	^dy【西晉】^pr【竺法護】譯
0589	經集	佛說魔逆經	^dy【西晉】^pr【竺法護】譯
0590	經集	佛說四天王經	^dy【劉宋】^pr【智嚴】共^pr【寶雲】譯
0591	經集	商主天子所問經	^dy【隋】^pr【闍那崛多】譯
0592	經集	天請問經	^dy【唐】^pr【玄奘】譯
0593	經集	佛為勝光天子說王法經	^dy【唐】^pr【義淨】譯
0594	經集	佛說大自在天子因地經	^dy【宋】^pr【施護】譯
0595	經集	佛說嗟韈曩法天子受三歸依獲免惡道經	^dy【宋】^pr【法天】譯
0596	經集	佛說天王太子辟羅經	^pr【失譯】
0597	經集	龍王兄弟經	^dy【吳】^pr【支謙】譯
0598	經集	佛說海龍王經	^dy【西晉】^pr【竺法護】譯
0599	經集	佛為海龍王說法印經	^dy【唐】^pr【義淨】譯
0600	經集	十善業道經	^dy【唐】^pr【實叉難陀】譯
0601	經集	佛為娑伽羅龍王所說大乘經	^dy【宋】^pr【施護】譯
0602	經集	佛說大安般守意經	^dy【後漢】^pr【安世高】譯
0603	經集	陰持入經	^dy【後漢】^pr【安世高】譯
0604	經集	佛說禪行三十七品經	^dy【後漢】^pr【安世高】譯
0605	經集	禪行法想經	^dy【後漢】^pr【安世高】譯
0606	經集	修行道地經	^dy【西晉】^pr【竺法護】譯
0607	經集	道地經	^pr【僧伽羅剎】造^dy【後漢】^pr【安世高】譯
0608	經集	小道地經	^dy【後漢】^pr【支曜】譯
0609	經集	禪要經	^pr【失譯】
0610	經集	佛說內身觀章句經	^pr【失譯】
0611	經集	法觀經	^dy【西晉】^pr【竺法護】譯
0612	經集	身觀經	^dy【西晉】^pr【竺法護】譯
0613	經集	禪祕要法經	^dy【姚秦】^pr【鳩摩羅什】等譯
0614	經集	坐禪三昧經	^dy【姚秦】^pr【鳩摩羅什】譯
0615	經集	菩薩訶色欲法經	^dy【姚秦】^pr【鳩摩羅什】譯
0616	經集	禪法要解	^dy【姚秦】^pr【鳩摩羅什】譯
0617	經集	思惟略要法	^dy【姚秦】^pr【鳩摩羅什】譯
0618	經集	達摩多羅禪經	^dy【東晉】^pr【佛陀跋陀羅】譯
0619	經集	五門禪經要用法	^pr【佛陀蜜多】撰^dy【劉宋】^pr【曇摩蜜多】譯
0620	經集	治禪病祕要法	^dy【劉宋】^pr【沮渠京聲】譯
0621	經集	佛說佛印三昧經	^dy【後漢】^pr【安世高】譯
0622	經集	佛說自誓三昧經	^dy【後漢】^pr【安世高】譯
0623	經集	佛說如來獨證自誓三昧經	^dy【西晉】^pr【竺法護】譯
0624	經集	佛說伅真陀羅所問如來三昧經	^dy【後漢】^pr【支婁迦讖】譯
0625	經集	大樹緊那羅王所問經	^dy【姚秦】^pr【鳩摩羅什】譯
0626	經集	佛說阿闍世王經	^dy【後漢】^pr【支婁迦讖】譯
0627	經集	文殊支利普超三昧經	^dy【西晉】^pr【竺法護】譯
0628	經集	佛說未曾有正法經	^dy【宋】^pr【法天】譯
0629	經集	佛說放鉢經	^pr【闕譯】
0630	經集	佛說成具光明定意經	^dy【後漢】^pr【支曜】譯
0631	經集	佛說法律三昧經	^dy【吳】^pr【支謙】譯
0632	經集	佛說慧印三昧經	^dy【吳】^pr【支謙】譯
0633	經集	佛說如來智印經	^pr【失譯】
0634	經集	佛說大乘智印經	^dy【宋】^pr【智吉祥】等譯
0635	經集	佛說弘道廣顯三昧經	^dy【西晉】^pr【竺法護】譯
0636	經集	無極寶三昧經	^dy【西晉】^pr【竺法護】譯
0637	經集	佛說寶如來三昧經	^dy【東晉】^pr【祇多蜜】譯
0638	經集	佛說超日明三昧經	^dy【西晉】^pr【聶承遠】譯
0639	經集	月燈三昧經	^dy【高齊】^pr【那連提耶舍】譯
0640	經集	佛說月燈三昧經	^dy【劉宋】^pr【先公】譯
0641	經集	佛說月燈三昧經	^dy【劉宋】^pr【先公】譯
0642	經集	佛說首楞嚴三昧經	^dy【姚秦】^pr【鳩摩羅什】譯
0643	經集	佛說觀佛三昧海經	^dy【東晉】^pr【佛陀跋陀羅】譯
0644	經集	佛說金剛三昧本性清淨不壞不滅經	^pr【失譯】
0645	經集	不必定入定入印經	^dy【元魏】^pr【瞿曇般若流支】譯
0646	經集	入定不定印經	^dy【唐】^pr【義淨】譯
0647	經集	力莊嚴三昧經	^dy【隋】^pr【那連提耶舍】譯
0648	經集	寂照神變三摩地經	^dy【唐】^pr【玄奘】譯
0649	經集	觀察諸法行經	^dy【隋】^pr【闍那崛多】譯
0650	經集	諸法無行經	^dy【姚秦】^pr【鳩摩羅什】譯
0651	經集	佛說諸法本無經	^dy【隋】^pr【闍那崛多】譯
0652	經集	佛說大乘隨轉宣說諸法經	^dy【宋】^pr【紹德】等譯
0653	經集	佛藏經	^dy【姚秦】^pr【鳩摩羅什】譯
0654	經集	佛說入無分別法門經	^dy【宋】^pr【施護】譯
0655	經集	佛說勝義空經	^dy【宋】^pr【施護】等譯
0656	經集	菩薩瓔珞經	^dy【姚秦】^pr【竺佛念】譯
0657	經集	佛說華手經	^dy【姚秦】^pr【鳩摩羅什】譯
0658	經集	寶雲經	^dy【梁】^pr【曼陀羅仙】譯
0659	經集	大乘寶雲經	^dy【梁】^pr【曼陀羅仙】共^pr【僧伽婆羅】譯
0660	經集	佛說寶雨經	^dy【唐】^pr【達摩流支】譯
0661	經集	大乘百福相經	^dy【唐】^pr【地婆訶羅】譯
0662	經集	大乘百福莊嚴相經	^dy【唐】^pr【地婆訶羅】譯
0663	經集	金光明經	^dy【北涼】^pr【曇無讖】譯
0664	經集	合部金光明經	^dy【隋】^pr【寶貴合】
0665	經集	金光明最勝王經	^dy【唐】^pr【義淨】譯
0666	經集	大方等如來藏經	^dy【東晉】^pr【佛陀跋陀羅】譯
0667	經集	大方廣如來藏經	^dy【唐】^pr【不空】譯
0668	經集	佛說不增不減經	^dy【元魏】^pr【菩提流支】譯
0669	經集	佛說無上依經	^dy【梁】^pr【真諦】譯
0670	經集	楞伽阿跋多羅寶經	^dy【劉宋】^pr【求那跋陀羅】譯
0671	經集	入楞伽經	^dy【元魏】^pr【菩提流支】譯
0672	經集	大乘入楞伽經	^dy【唐】^pr【實叉難陀】譯
0673	經集	大乘同性經	^dy【宇文周】^pr【闍那耶舍】譯
0674	經集	證契大乘經	^dy【唐】^pr【地婆訶羅】譯
0675	經集	深密解脫經	^dy【元魏】^pr【菩提流支】譯
0676	經集	解深密經	^dy【唐】^pr【玄奘】譯
0677	經集	佛說解節經	^dy【陳】^pr【真諦】譯
0678	經集	相續解脫地波羅蜜了義經	^dy【劉宋】^pr【求那跋陀羅】譯
0679	經集	相續解脫如來所作隨順處了義經	^dy【劉宋】^pr【求那跋陀羅】譯
0680	經集	佛說佛地經	^dy【唐】^pr【玄奘】譯
0681	經集	大乘密嚴經	^dy【唐】^pr【地婆訶羅】譯
0682	經集	大乘密嚴經	^dy【唐】^pr【不空】譯
0683	經集	佛說諸德福田經	^dy【西晉】^pr【法立法炬】共譯
0684	經集	佛說父母恩難報經	^dy【後漢】^pr【安世高】譯
0685	經集	佛說盂蘭盆經	^dy【西晉】^pr【竺法護】譯
0686	經集	佛說報恩奉盆經	^pr【失譯】
0687	經集	佛說孝子經	^pr【失譯】
0688	經集	佛說未曾有經	^pr【失譯】
0689	經集	甚希有經	^dy【唐】^pr【玄奘】譯
0690	經集	佛說希有挍量功德經	^dy【隋】^pr【闍那崛多】譯
0691	經集	最無比經	^dy【唐】^pr【玄奘】譯
0692	經集	佛說作佛形像經	^pr【闕譯】
0693	經集	佛說造立形像福報經	^pr【闕譯】
0694	經集	佛說大乘造像功德經	^dy【唐】^pr【提雲般若】譯
0695	經集	佛說灌洗佛形像經	^dy【西晉】^pr【法炬】譯
0696	經集	佛說摩訶剎頭經	^dy【西秦】^pr【聖堅】譯
0697	經集	佛說浴像功德經	^dy【唐】^pr【寶思惟】譯
0698	經集	浴佛功德經	^dy【唐】^pr【義淨】譯
0699	經集	佛說造塔功德經	^dy【唐】^pr【地婆訶羅】譯
0700	經集	右繞佛塔功德經	^dy【唐】^pr【實叉難陀】譯
0701	經集	佛說溫室洗浴眾僧經	^dy【後漢】^pr【安世高】譯
0702	經集	佛說施燈功德經	^dy【高齊】^pr【那連提耶舍】譯
0703	經集	燈指因緣經	^dy【姚秦】^pr【鳩摩羅什】譯
0704	經集	佛說樓閣正法甘露鼓經	^dy【宋】^pr【天息災】譯
0705	經集	佛說布施經	^dy【宋】^pr【法賢】譯
0706	經集	佛說五大施經	^dy【宋】^pr【施護】等譯
0707	經集	佛說出家功德經	^pr【失譯】
0708	經集	了本生死經	^dy【吳】^pr【支謙】譯
0709	經集	佛說稻芉經	^pr【闕譯】
0710	經集	慈氏菩薩所說大乘緣生稻𦼮喻經	^dy【唐】^pr【不空】譯
0711	經集	大乘舍黎娑擔摩經	^dy【宋】^pr【施護】譯
0712	經集	佛說大乘稻芉經	^pr【失譯】
0713	經集	貝多樹下思惟十二因緣經	^dy【吳】^pr【支謙】譯
0714	經集	緣起聖道經	^dy【唐】^pr【玄奘】譯
0715	經集	佛說舊城喻經	^dy【宋】^pr【法賢】譯
0716	經集	緣生初勝分法本經	^dy【隋】^pr【達摩笈多】譯
0717	經集	分別緣起初勝法門經	^dy【唐】^pr【玄奘】譯
0718	經集	佛說分別緣生經	^dy【宋】^pr【法天】譯
0719	經集	十二緣生祥瑞經	^dy【宋】^pr【施護】譯
0720	經集	無明羅剎集	^pr【失譯】
0721	經集	正法念處經	^dy【元魏】^pr【瞿曇般若流支】譯
0722	經集	妙法聖念處經	^dy【宋】^pr【法天】譯
0723	經集	分別業報略經	^pr【大勇菩薩】撰^dy【劉宋】^pr【僧伽跋摩】譯
0724	經集	佛說罪業應報教化地獄經	^dy【後漢】^pr【安世高】譯
0725	經集	佛說六道伽陀經	^dy【宋】^pr【法天】譯
0726	經集	六趣輪迴經	^pr【馬鳴菩薩】集^dy【宋】^pr【日稱】等譯
0727	經集	十不善業道經	^pr【馬鳴菩薩】集^dy【宋】^pr【日稱】等譯
0728	經集	諸法集要經	^pr【觀無畏尊者】集^dy【宋】^pr【日稱】等譯
0729	經集	佛說分別善惡所起經	^dy【後漢】^pr【安世高】譯
0730	經集	佛說處處經	^dy【後漢】^pr【安世高】譯
0731	經集	佛說十八泥犁經	^dy【後漢】^pr【安世高】譯
0732	經集	佛說罵意經	^dy【後漢】^pr【安世高】譯
0733	經集	佛說堅意經	^dy【後漢】^pr【安世高】譯
0734	經集	佛說鬼問目連經	^dy【後漢】^pr【安世高】譯
0735	經集	佛說四願經	^dy【吳】^pr【支謙】譯
0736	經集	佛說四自侵經	^dy【西晉】^pr【竺法護】譯
0737	經集	所欲致患經	^dy【西晉】^pr【竺法護】譯
0738	經集	佛說分別經	^dy【西晉】^pr【竺法護】譯
0739	經集	佛說慢法經	^dy【西晉】^pr【法炬】譯
0740	經集	佛說頞多和多耆經	^pr【失譯】
0741	經集	五苦章句經	^dy【東晉】^pr【竺曇無蘭】譯
0742	經集	佛說自愛經	^dy【東晉】^pr【竺曇無蘭】譯
0743	經集	佛說忠心經	^dy【東晉】^pr【竺曇無蘭】譯
0744	經集	佛說除恐災患經	^dy【乞伏秦】^pr【聖堅】譯
0745	經集	佛說雜藏經	^dy【東晉】^pr【法顯】譯
0746	經集	餓鬼報應經	^pr【失譯】
0747a	經集	佛說罪福報應經	^dy【劉宋】^pr【求那跋陀羅】譯
0747b	經集	佛說輪轉五道罪福報應經	^dy【劉宋】^pr【求那跋陀羅】譯
0748	經集	佛說護淨經	^pr【失譯】
0749	經集	佛說因緣僧護經	^pr【失譯】
0750	經集	沙彌羅經	^pr【失譯】
0751a	經集	佛說五無反復經	^dy【劉宋】^pr【沮渠京聲】譯
0751b	經集	佛說五無返復經	^dy【劉宋】^pr【沮渠京聲】譯
0752	經集	佛說五無返復經	^dy【劉宋】^pr【沮渠京聲】譯
0753	經集	十二品生死經	^dy【劉宋】^pr【求那跋陀羅】譯
0754	經集	佛說未曾有因緣經	^dy【蕭齊】^pr【曇景】譯
0755	經集	佛說淨意優婆塞所問經	^dy【宋】^pr【施護】譯
0756	經集	佛說八無暇有暇經	^dy【唐】^pr【義淨】譯
0757	經集	佛說身毛喜豎經	^dy【宋】^pr【惟淨】等譯
0758	經集	佛說諸行有為經	^dy【宋】^pr【法天】譯
0759	經集	佛說較量壽命經	^dy【宋】^pr【天息災】譯
0760	經集	惟日雜難經	^dy【吳】^pr【支謙】譯
0761	經集	佛說法集經	^dy【元魏】^pr【菩提流支】譯
0762	經集	佛說決定義經	^dy【宋】^pr【法賢】譯
0763	經集	佛說法乘義決定經	^dy【宋】^pr【金總持】等譯
0764	經集	佛說法集名數經	^dy【宋】^pr【施護】譯
0765	經集	本事經	^dy【唐】^pr【玄奘】譯
0766	經集	佛說法身經	^dy【宋】^pr【法賢】譯
0767	經集	佛說三品弟子經	^dy【吳】^pr【支謙】譯
0768	經集	三慧經	^pr【失譯】
0769	經集	佛說四輩經	^dy【西晉】^pr【竺法護】譯
0770	經集	佛說四不可得經	^dy【西晉】^pr【竺法護】譯
0771	經集	四品學法經	^dy【劉宋】^pr【求那跋陀羅】譯
0772	經集	大乘四法經	^dy【唐】^pr【地婆訶羅】譯
0773	經集	佛說菩薩修行四法經	^dy【唐】^pr【地婆訶羅】譯
0774	經集	大乘四法經	^dy【唐】^pr【實叉難陀】譯
0775	經集	佛說四無所畏經	^dy【宋】^pr【施護】譯
0776	經集	佛說四品法門經	^dy【宋】^pr【法賢】譯
0777	經集	佛說賢者五福德經	^dy【西晉】^pr【白法祖】譯
0778	經集	佛說菩薩內習六波羅蜜經	^dy【後漢】^pr【嚴佛調】譯
0779	經集	佛說八大人覺經	^dy【後漢】^pr【安世高】譯
0780	經集	佛說十力經	^dy【唐】^pr【勿提提犀魚】譯
0781	經集	佛說佛十力經	^dy【宋】^pr【施護】等譯
0782	經集	佛說十號經	^dy【宋】^pr【天息災】譯
0783	經集	佛說十二頭陀經	^dy【劉宋】^pr【求那跋陀羅】譯
0784	經集	四十二章經	^dy【後漢】^pr【迦葉摩騰】共^pr【法蘭】譯
0785	經集	得道梯橙錫杖經	^pr【失譯】
0786	經集	佛說木槵子經	^pr【失譯】
0787	經集	曼殊室利呪藏中校量數珠功德經	^dy【唐】^pr【義淨】譯
0788	經集	佛說校量數珠功德經	^dy【唐】^pr【寶思惟】譯
0789	經集	金剛頂瑜伽念珠經	^dy【唐】^pr【不空】譯
0790	經集	佛說孛經抄	^dy【吳】^pr【支謙】譯
0791	經集	佛說出家緣經	^dy【後漢】^pr【安世高】譯
0792	經集	佛說法受塵經	^dy【後漢】^pr【安世高】譯
0793	經集	佛說佛醫經	^dy【吳】^pr【竺律炎】共^pr【支越】譯
0794a	經集	佛說時非時經	^dy【西晉】^pr【若羅嚴】譯
0794b	經集	佛說時非時經	^dy【西晉】^pr【若羅嚴】譯
0795	經集	佛治身經	^pr【失譯】
0796	經集	佛說見正經	^dy【東晉】^pr【竺曇無蘭】譯
0797a	經集	佛說貧窮老公經	^dy【劉宋】^pr【慧簡】譯
0797b	經集	佛說貧窮老公經	^dy【劉宋】^pr【慧簡】譯
0798	經集	佛說進學經	^dy【劉宋】^pr【沮渠京聲】譯
0799	經集	佛說略教誡經	^dy【唐】^pr【義淨】譯
0800	經集	佛說無上處經	^pr【失譯】
0801	經集	佛說無常經	^dy【唐】^pr【義淨】譯
0802	經集	佛說信解智力經	^dy【宋】^pr【法賢】譯
0803	經集	佛說清淨心經	^dy【宋】^pr【施護】等譯
0804	經集	佛說解憂經	^dy【宋】^pr【法天】譯
0805	經集	佛說栴檀樹經	^pr【失譯】
0806	經集	佛說枯樹經	
0807	經集	佛說內藏百寶經	^dy【後漢】^pr【支婁迦讖】譯
0808	經集	佛說犢子經	^dy【吳】^pr【支謙】譯
0809	經集	佛說乳光佛經	^dy【西晉】^pr【竺法護】譯
0810	經集	諸佛要集經	^dy【西晉】^pr【竺法護】譯
0811	經集	佛說決定總持經	^dy【西晉】^pr【竺法護】譯
0812	經集	菩薩行五十緣身經	^dy【西晉】^pr【竺法護】譯
0813	經集	佛說無希望經	^dy【西晉】^pr【竺法護】譯
0814	經集	佛說象腋經	^dy【劉宋】^pr【曇摩蜜多】譯
0815	經集	佛昇忉利天為母說法經	^dy【西晉】^pr【竺法護】譯
0816	經集	佛說道神足無極變化經	^dy【西晉】^pr【安法欽】譯
0817	經集	佛說大淨法門經	^dy【西晉】^pr【竺法護】譯
0818	經集	大莊嚴法門經	^dy【隋】^pr【那連提耶舍】譯
0819	經集	佛說法常住經	^pr【失譯】
0820	經集	佛說演道俗業經	^dy【乞伏秦】^pr【聖堅】譯
0821	經集	大方廣如來祕密藏經	^pr【失譯】
0822	經集	佛說諸法勇王經	^dy【劉宋】^pr【曇摩蜜多】譯
0823	經集	佛說一切法高王經	^dy【元魏】^pr【瞿曇般若流支】譯
0824	經集	諸法最上王經	^dy【隋】^pr【闍那崛多】譯
0825	經集	佛說甚深大迴向經	^pr【失譯】
0826	經集	弟子死復生經	^dy【劉宋】^pr【沮渠京聲】譯
0827	經集	佛說懈怠耕者經	^dy【劉宋】^pr【惠簡】譯
0828	經集	無字寶篋經	^dy【元魏】^pr【菩提流支】譯
0829	經集	大乘離文字普光明藏經	^dy【唐】^pr【地婆訶羅】譯
0830	經集	大乘遍照光明藏無字法門經	^dy【唐】^pr【地婆訶羅再】譯
0831	經集	謗佛經	^dy【元魏】^pr【菩提流支】譯
0832	經集	佛語經	^dy【元魏】^pr【菩提流支】譯
0833	經集	第一義法勝經	^dy【元魏】^pr【瞿曇般若流支】譯
0834	經集	大威燈光仙人問疑經	^dy【隋】^pr【闍那崛多】等譯
0835	經集	如來師子吼經	^dy【元魏】^pr【佛陀扇多】譯
0836	經集	大方廣師子吼經	^dy【唐】^pr【地婆訶羅】譯
0837	經集	佛說出生菩提心經	^dy【隋】^pr【闍那崛多】譯
0838	經集	佛說發菩提心破諸魔經	^dy【宋】^pr【施護】譯
0839	經集	占察善惡業報經	^dy【隋】^pr【菩提燈】譯
0840	經集	稱讚大乘功德經	^dy【唐】^pr【玄奘】譯
0841	經集	說妙法決定業障經	^dy【唐】^pr【智嚴】譯
0842	經集	大方廣圓覺修多羅了義經	^dy【唐】^pr【佛陀多羅】譯
0843	經集	佛說大乘不思議神通境界經	^dy【宋】^pr【施護】譯
0844	經集	佛說大方廣未曾有經善巧方便品	^dy【宋】^pr【施護】譯
0845	經集	佛說尊那經	^dy【宋】^pr【法賢】譯
0846	經集	外道問聖大乘法無我義經	^dy【宋】^pr【法天】譯
0847	經集	大乘修行菩薩行門諸經要集	^dy【唐】^pr【智嚴】譯
0848	密教	大毘盧遮那成佛神變加持經	^dy【唐】^pr【善無畏】^pr【一行】譯
0849	密教	大毘盧遮那佛說要略念誦經	^dy【唐】^pr【菩提金剛】譯
0850	密教	攝大毘盧遮那成佛神變加持經入蓮華胎藏海會悲生曼荼攞廣大念誦儀軌供養方便會	^dy【唐】^pr【輸婆迦羅】譯
0851	密教	大毘盧遮那經廣大儀軌	^dy【唐】^pr【善無畏】譯
0852a	密教	大毘盧遮那成佛神變加持經蓮華胎藏悲生曼荼羅廣大成就儀軌供養方便會	^dy【唐】^pr【法全】撰
0852b	密教	大毘盧舍那成佛神變加持經蓮華胎藏悲生曼荼羅廣大成就儀軌	
0853	密教	大毘盧遮那成佛神變加持經蓮華胎藏菩提幢標幟普通真言藏廣大成就瑜伽	^dy【唐】^pr【法全】集
0854	密教	胎藏梵字真言	^pr【失譯】
0855	密教	青龍寺軌記	
0856	密教	大毘盧遮那成佛神變加持經略示七支念誦隨行法	^dy【唐】^pr【不空】譯
0857	密教	大日經略攝念誦隨行法	^dy【唐】^pr【不空】譯
0858	密教	大毘盧遮那略要速疾門五支念誦法	
0859	密教	供養儀式	
0860	密教	大日經持誦次第儀軌	
0861	密教	毘盧遮那五字真言修習儀軌	^dy【唐】^pr【不空】譯
0862	密教	阿闍梨大曼荼攞灌頂儀軌	
0863	密教	大毘盧遮那經阿闍梨真實智品中阿闍梨住阿字觀門	^dy【唐】^pr【惟謹】述
0864a	密教	大日如來劍印	
0864b	密教	胎藏金剛教法名號	^dy【唐】^pr【義操】集
0865	密教	金剛頂一切如來真實攝大乘現證大教王經	^dy【唐】^pr【不空】譯
0866	密教	金剛頂瑜伽中略出念誦經	^dy【唐】^pr【金剛智】譯
0867	密教	金剛峰樓閣一切瑜伽瑜祇經	^dy【唐】^pr【金剛智】譯
0868	密教	諸佛境界攝真實經	^dy【唐】^pr【般若】譯
0869	密教	金剛頂經瑜伽十八會指歸	^dy【唐】^pr【不空】譯
0870	密教	略述金剛頂瑜伽分別聖位修證法門	^dy【唐】^pr【不空】譯
0871	密教	金剛頂瑜伽略述三十七尊心要	^dy【唐】^pr【不空】譯
0872	密教	金剛頂瑜伽三十七尊出生義	^dy【唐】^pr【不空】譯
0873	密教	金剛頂蓮華部心念誦儀軌	^dy【唐】^pr【不空】譯
0874	密教	金剛頂一切如來真實攝大乘現證大教王經	^dy【唐】^pr【不空】譯
0875	密教	蓮華部心念誦儀軌	^pr【失譯】
0876	密教	金剛頂瑜伽修習毘盧遮那三摩地法	^dy【唐】^pr【金剛智】譯
0877	密教	金剛頂經毘盧遮那一百八尊法身契印	^dy【唐】^pr【善無畏】^pr【一行】譯
0878	密教	金剛頂經金剛界大道場毘盧遮那如來自受用身內證智眷屬法身異名佛最上乘祕密三摩地禮懺文	^dy【唐】^pr【不空】譯
0879	密教	金剛頂瑜伽三十七尊禮	^dy【唐】^pr【不空】譯
0880	密教	瑜伽金剛頂經釋字母品	^dy【唐】^pr【不空】譯
0881	密教	賢劫十六尊	
0882	密教	佛說一切如來真實攝大乘現證三昧大教王經	^dy【宋】^pr【施護】等譯
0883	密教	佛說祕密三昧大教王經	^dy【宋】^pr【施護】等譯
0884	密教	佛說祕密相經	^dy【宋】^pr【施護】等譯
0885	密教	佛說一切如來金剛三業最上祕密大教王經	^dy【宋】^pr【施護】譯
0886	密教	佛說金剛場莊嚴般若波羅蜜多教中一分	^dy【宋】^pr【施護】譯
0887	密教	佛說無二平等最上瑜伽大教王經	^dy【宋】^pr【施護】譯
0888	密教	一切祕密最上名義大教王儀軌	^dy【宋】^pr【施護】譯
0889	密教	一切如來大祕密王未曾有最上微妙大曼拏羅經	^dy【宋】^pr【天息災】譯
0890	密教	佛說瑜伽大教王經	^dy【宋】^pr【法賢】譯
0891	密教	佛說幻化網大瑜伽教十忿怒明王大明觀想儀軌經	^dy【宋】^pr【法賢】譯
0892	密教	佛說大悲空智金剛大教王儀軌經	^dy【宋】^pr【法護】譯
0893a	密教	蘇悉地羯羅經	^dy【唐】^pr【輸波迦羅】譯
0893b	密教	蘇悉地羯羅經	^dy【唐】^pr【輸波迦羅】譯
0893c	密教	蘇悉地羯羅經	^dy【唐】^pr【輸波迦羅】譯
0894a	密教	蘇悉地羯羅供養法	^dy【唐】^pr【善無畏】譯
0894b	密教	蘇悉地羯羅供養法	^dy【唐】^pr【善無畏】譯
0895a	密教	蘇婆呼童子請問經	^dy【唐】^pr【輸波迦羅】譯
0895b	密教	蘇婆呼童子請問經	^dy【唐】^pr【輸波迦羅】譯
0896	密教	妙臂菩薩所問經	^dy【宋】^pr【法天】譯
0897	密教	蕤呬耶經	^dy【唐】^pr【不空】譯
0898	密教	佛說毘奈耶經	
0899	密教	清淨法身毘盧遮那心地法門成就一切陀羅尼三種悉地	
0900	密教	十八契印	^dy【唐】^pr【惠果】造
0901	密教	陀羅尼集經	^dy【唐】^pr【阿地瞿多】譯
0902	密教	總釋陀羅尼義讚	^dy【唐】^pr【不空】譯
0903	密教	都部陀羅尼目	^dy【唐】^pr【不空】譯
0904	密教	念誦結護法普通諸部	^dy【唐】^pr【金剛智】述
0905	密教	三種悉地破地獄轉業障出三界祕密陀羅尼法	^dy【唐】^pr【善無畏】譯
0906	密教	佛頂尊勝心破地獄轉業障出三界祕密三身佛果三種悉地真言儀軌	^dy【唐】^pr【善無畏】譯
0907	密教	佛頂尊勝心破地獄轉業障出三界祕密陀羅尼	^dy【唐】^pr【善無畏】譯
0908	密教	金剛頂瑜伽護摩儀軌	^dy【唐】^pr【不空】譯
0909	密教	金剛頂瑜伽護摩儀軌	^dy【唐】^pr【不空】譯
0910	密教	梵天擇地法	
0911	密教	建立曼荼羅及揀擇地法	^dy【唐】^pr【慧琳】集
0912	密教	建立曼荼羅護摩儀軌	^dy【唐】^pr【法全】集
0913	密教	火𤙖供養儀軌	
0914	密教	火吽軌別錄	
0915	密教	受菩提心戒儀	^dy【唐】^pr【不空】譯
0916	密教	受五戒八戒文	
0917	密教	無畏三藏禪要	^dy【唐】^pr【善無畏】說
0918	密教	諸佛心陀羅尼經	^dy【唐】^pr【玄奘】譯
0919	密教	諸佛心印陀羅尼經	^dy【宋】^pr【法天】譯
0920	密教	佛心經	^dy【唐】^pr【菩提流志】譯
0921	密教	阿閦如來念誦供養法	^dy【唐】^pr【不空】譯
0922	密教	藥師琉璃光如來消災除難念誦儀軌	^dy【唐】^pr【一行】撰
0923	密教	藥師如來觀行儀軌法	^dy【唐】^pr【金剛智】譯
0924a	密教	藥師如來念誦儀軌	^dy【唐】^pr【不空】譯
0924b	密教	藥師如來念誦儀軌	^dy【唐】^pr【不空】譯
0924c	密教	藥師儀軌一具	
0925	密教	藥師琉璃光王七佛本願功德經念誦儀軌	^dy【元】^pr【沙囉巴】譯
0926	密教	藥師琉璃光王七佛本願功德經念誦儀軌供養法	^dy【元】^pr【沙囉巴】譯
0927	密教	藥師七佛供養儀軌如意王經	^dy【清】^pr【工布查布】譯
0928	密教	修藥師儀軌布壇法	^dy【清】^pr【阿旺扎什補】譯
0929	密教	淨瑠璃淨土摽	
0930	密教	無量壽如來觀行供養儀軌	^dy【唐】^pr【不空】譯
0931	密教	金剛頂經觀自在王如來修行法	^dy【唐】^pr【不空】譯
0932	密教	金剛頂經瑜伽觀自在王如來修行法	^dy【唐】^pr【金剛智】譯
0933	密教	九品往生阿彌陀三摩地集陀羅尼經	^dy【唐】^pr【不空】譯
0934	密教	佛說無量功德陀羅尼經	^dy【宋】^pr【法賢】譯
0935	密教	極樂願文	^dy【清】^pr【達喇嘛嘎卜楚薩木丹達爾吉】譯
0936	密教	大乘無量壽經	^dy【唐】^pr【法成】譯
0937	密教	佛說大乘聖無量壽決定光明王如來陀羅尼經	^dy【宋】^pr【法天】譯
0938	密教	釋迦文尼佛金剛一乘修行儀軌法品	
0939	密教	佛說大乘觀想曼拏羅淨諸惡趣經	^dy【宋】^pr【法賢】譯
0940	密教	佛說帝釋巖祕密成就儀軌	^dy【宋】^pr【施護】譯
0941	密教	釋迦牟尼佛成道在菩提樹降魔讚	
0942	密教	釋迦佛讚	^dy【清】^pr【達喇嘛薩穆丹達爾吉】譯
0943	密教	佛說無能勝幡王如來莊嚴陀羅尼經	^dy【宋】^pr【施護】譯
0944a	密教	大佛頂如來放光悉怛多鉢怛囉陀羅尼	^dy【唐】^pr【不空】譯
0944b	密教	大佛頂大陀羅尼	
0945	密教	大佛頂如來密因修證了義諸菩薩萬行首楞嚴經	^dy【唐】^pr【般剌蜜帝】譯
0946	密教	大佛頂廣聚陀羅尼經	
0947	密教	大佛頂如來放光悉怛多般怛羅大神力都攝一切呪王陀羅尼經大威德最勝金輪三昧呪品	
0948	密教	金輪王佛頂要略念誦法	^dy【唐】^pr【不空】譯
0949	密教	奇特最勝金輪佛頂念誦儀軌法要	
0950	密教	菩提場所說一字頂輪王經	^dy【唐】^pr【不空】譯
0951	密教	一字佛頂輪王經	^dy【唐】^pr【菩提流志】譯
0952	密教	五佛頂三昧陀羅尼經	^dy【唐】^pr【菩提流志】譯
0953	密教	一字奇特佛頂經	^dy【唐】^pr【不空】譯
0954a	密教	一字頂輪王念誦儀軌	^dy【唐】^pr【不空】譯
0954b	密教	一字頂輪王念誦儀軌	
0955	密教	一字頂輪王瑜伽觀行儀軌	^dy【唐】^pr【不空】譯
0956	密教	大陀羅尼末法中一字心呪經	^dy【唐】^pr【寶思惟】譯
0957	密教	金剛頂一字頂輪王瑜伽一切時處念誦成佛儀軌	^dy【唐】^pr【不空】譯
0958	密教	金剛頂經一字頂輪王儀軌音義	^dy【唐】^pr【不空】譯
0959	密教	頂輪王大曼荼羅灌頂儀軌	^dy【唐】^pr【辯弘】集
0960	密教	一切如來說佛頂輪王一百八名讚	^dy【宋】^pr【施護】譯
0961	密教	如意寶珠轉輪祕密現身成佛金輪呪王經	^dy【唐】^pr【不空】譯
0962	密教	寶悉地成佛陀羅尼經	^dy【唐】^pr【不空】譯
0963	密教	佛說熾盛光大威德消災吉祥陀羅尼經	^dy【唐】^pr【不空】譯
0964	密教	佛說大威德金輪佛頂熾盛光如來消除一切災難陀羅尼經	^pr【失譯】
0965	密教	大妙金剛大甘露軍拏利焰鬘熾盛佛頂經	^dy【唐】^pr【達磨栖那】譯
0966	密教	大聖妙吉祥菩薩說除災教令法輪	^dy【唐】^pr【尸羅跋陀羅】譯
0967	密教	佛頂尊勝陀羅尼經	^dy【唐】^pr【佛陀波利】譯
0968	密教	佛頂尊勝陀羅尼經	^dy【唐】^pr【杜行顗】譯
0969	密教	佛頂最勝陀羅尼經	^dy【唐】^pr【地婆訶羅】譯
0970	密教	最勝佛頂陀羅尼淨除業障呪經	^dy【唐】^pr【地婆訶羅】譯
0971	密教	佛說佛頂尊勝陀羅尼經	^dy【唐】^pr【義淨】譯
0972	密教	佛頂尊勝陀羅尼念誦儀軌法	^dy【唐】^pr【不空】譯
0973	密教	尊勝佛頂脩瑜伽法軌儀	^dy【唐】^pr【善無畏】譯
0974a	密教	最勝佛頂陀羅尼經	^dy【宋】^pr【法天】譯
0974b	密教	佛頂尊勝陀羅尼	
0974c	密教	加句靈驗佛頂尊勝陀羅尼記	^dy【唐】^pr【武徹】述
0974d	密教	佛頂尊勝陀羅尼注義	^dy【唐】^pr【不空】譯
0974e	密教	佛頂尊勝陀羅尼真言	
0974f	密教	佛頂尊勝陀羅尼別法	^dy【唐】^pr【若那】譯
0975	密教	白傘蓋大佛頂王最勝無比大威德金剛無礙大道場陀羅尼念誦法要	
0976	密教	佛頂大白傘蓋陀羅尼經	^dy【元】^pr【沙囉巴】譯
0977	密教	佛說大白傘蓋總持陀羅尼經	^dy【元】^pr【真智】等譯
0978	密教	佛說一切如來烏瑟膩沙最勝總持經	^dy【宋】^pr【法天】譯
0979	密教	于瑟抳沙毘左野陀囉尼	^dy【高麗】^pr【指空】譯
0980	密教	大勝金剛佛頂念誦儀軌	^dy【唐】^pr【金剛智】譯
0981	密教	大毘盧遮那佛眼修行儀軌	^dy【唐】^pr【一行】記
0982	密教	佛母大孔雀明王經	^dy【唐】^pr【不空】譯
0983a	密教	佛說大孔雀明王畫像壇場儀軌	^dy【唐】^pr【不空】譯
0983b	密教	孔雀經真言等梵本	^dy【唐】^pr【圓仁請來】
0984	密教	孔雀王呪經	^dy【梁】^pr【僧伽婆羅】譯
0985	密教	佛說大孔雀呪王經	^dy【唐】^pr【義淨】譯
0986	密教	大金色孔雀王呪經	^pr【失譯】
0987	密教	佛說大金色孔雀王呪經	^pr【失譯】
0988	密教	孔雀王呪經	^dy【姚秦】^pr【鳩摩羅什】譯
0989	密教	大雲輪請雨經	^dy【唐】^pr【不空】譯
0990	密教	大雲經祈雨壇法	^dy【唐】^pr【不空】譯
0991	密教	大雲輪請雨經	^dy【隋】^pr【那連提耶舍】譯
0992	密教	大方等大雲經請雨品第六十四	^dy【北周】^pr【闍那耶舍】譯
0993	密教	大雲經請雨品第六十四	^dy【北周】^pr【闍那耶舍】譯
0994	密教	仁王護國般若波羅蜜多經陀羅尼念誦儀軌	^dy【唐】^pr【不空】譯
0995	密教	仁王般若念誦法	^dy【唐】^pr【不空】譯
0996	密教	仁王般若陀羅尼釋	^dy【唐】^pr【不空】譯
0997	密教	守護國界主陀羅尼經	^dy【唐】^pr【般若】共^pr【牟尼室利】譯
0998	密教	佛說迴向輪經	^dy【唐】^pr【尸羅達摩】譯
0999	密教	佛說守護大千國土經	^dy【宋】^pr【施護】譯
1000	密教	成就妙法蓮華經王瑜伽觀智儀軌	^dy【唐】^pr【不空】譯
1001	密教	法華曼荼羅威儀形色法經	^dy【唐】^pr【不空】譯
1002	密教	不空羂索毘盧遮那佛大灌頂光真言	^dy【唐】^pr【不空】譯
1003	密教	大樂金剛不空真實三昧耶經般若波羅蜜多理趣釋	^dy【唐】^pr【不空】譯
1004	密教	般若波羅蜜多理趣經大樂不空三昧真實金剛薩埵菩薩等一十七聖大曼荼羅義述	^dy【唐】^pr【不空】譯
1005a	密教	大寶廣博樓閣善住祕密陀羅尼經	^dy【唐】^pr【不空】譯
1005b	密教	寶樓閣經梵字真言	
1006	密教	廣大寶樓閣善住祕密陀羅尼經	^dy【唐】^pr【菩提流志】譯
1007	密教	牟梨曼陀羅呪經	^pr【失譯】
1008	密教	菩提場莊嚴陀羅尼經	^dy【唐】^pr【不空】譯
1009	密教	出生無邊門陀羅尼經	^dy【唐】^pr【不空】譯
1010	密教	佛說出生無邊門陀羅尼儀軌	^dy【唐】^pr【不空】譯
1011	密教	佛說無量門微密持經	^dy【吳】^pr【支謙】譯
1012	密教	佛說出生無量門持經	^dy【東晉】^pr【佛陀跋陀羅】譯
1013	密教	阿難陀目佉尼呵離陀經	^dy【劉宋】^pr【求那跋陀羅】譯
1014	密教	無量門破魔陀羅尼經	^dy【劉宋】^pr【功德直】^pr【玄暢】譯
1015	密教	佛說阿難陀目佉尼呵離陀隣尼經	^dy【元魏】^pr【佛馱扇多】譯
1016	密教	舍利弗陀羅尼經	^dy【梁】^pr【僧伽婆羅】譯
1017	密教	佛說一向出生菩薩經	^dy【隋】^pr【闍那崛多】譯
1018	密教	出生無邊門陀羅尼經	^dy【唐】^pr【智嚴】譯
1019	密教	大方廣佛華嚴經入法界品四十二字觀門	^dy【唐】^pr【不空】譯
1020	密教	大方廣佛花嚴經入法界品頓證毘盧遮那法身字輪瑜伽儀軌	^dy【唐】^pr【不空】譯
1021	密教	華嚴經心陀羅尼	
1022a	密教	一切如來心祕密全身舍利寶篋印陀羅尼經	^dy【唐】^pr【不空】譯
1022b	密教	一切如來心祕密全身舍利寶篋印陀羅尼經	^dy【唐】^pr【不空】譯
1023	密教	一切如來正法祕密篋印心陀羅尼經	^dy【宋】^pr【施護】譯
1024	密教	無垢淨光大陀羅尼經	^dy【唐】^pr【彌陀山】譯
1025	密教	佛頂放無垢光明入普門觀察一切如來心陀羅尼經	^dy【宋】^pr【施護】譯
1026	密教	佛說造塔延命功德經	^dy【唐】^pr【般若】譯
1027a	密教	金剛光焰止風雨陀羅尼經	^dy【唐】^pr【菩提流志】譯
1027b	密教	金剛光焰止風雨陀羅尼經	^dy【唐】^pr【菩提流志】譯
1028a	密教	佛說護諸童子陀羅尼經	^dy【元魏】^pr【菩提流支】譯
1028b	密教	童子經念誦法	^dy【唐】^pr【善無畏】譯
1029	密教	佛說安宅陀羅尼呪經	
1030	密教	觀自在大悲成就瑜伽蓮華部念誦法門	^dy【唐】^pr【不空】譯
1031	密教	聖觀自在菩薩心真言瑜伽觀行儀軌	^dy【唐】^pr【不空】譯
1032	密教	瑜伽蓮華部念誦法	^dy【唐】^pr【不空】譯
1033	密教	金剛恐怖集會方廣軌儀觀自在菩薩三世最勝心明王經	^dy【唐】^pr【不空】譯
1034	密教	呪五首	^dy【唐】^pr【玄奘】譯
1035	密教	千轉陀羅尼觀世音菩薩呪	^dy【唐】^pr【智通】譯
1036	密教	千轉大明陀羅尼經	^dy【宋】^pr【施護】譯
1037	密教	觀自在菩薩說普賢陀羅尼經	^dy【唐】^pr【不空】譯
1038	密教	清淨觀世音普賢陀羅尼經	^dy【唐】^pr【智通】譯
1039	密教	阿唎多羅陀羅尼阿嚕力經	^dy【唐】^pr【不空】譯
1040	密教	金剛頂降三世大儀軌法王教中觀自在菩薩心真言一切如來蓮華大曼荼羅品	^dy【唐】^pr【不空】譯
1041	密教	觀自在菩薩心真言一印念誦法	^dy【唐】^pr【不空】譯
1042	密教	觀自在菩薩大悲智印周遍法界利益眾生薰真如法	^dy【唐】^pr【不空】譯
1043	密教	請觀世音菩薩消伏毒害陀羅尼呪經	^dy【東晉】^pr【難提】譯
1044	密教	佛說六字呪王經	^pr【失譯】
1045a	密教	佛說六字神呪王經	^pr【失譯】
1045b	密教	六字神呪王經	^pr【失譯】
1046	密教	六字大陀羅尼呪經	^pr【失譯】
1047	密教	佛說聖六字大明王陀羅尼經	^dy【宋】^pr【施護】譯
1048	密教	佛說大護明大陀羅尼經	^dy【宋】^pr【法天】譯
1049	密教	聖六字增壽大明陀羅尼經	^dy【宋】^pr【施護】譯
1050	密教	佛說大乘莊嚴寶王經	^dy【宋】^pr【天息災】譯
1051	密教	佛說一切佛攝相應大教王經聖觀自在菩薩念誦儀軌	^dy【宋】^pr【法賢】譯
1052	密教	讚觀世音菩薩頌	^dy【唐】^pr【慧智】譯
1053	密教	聖觀自在菩薩功德讚	^dy【宋】^pr【施護】譯
1054	密教	聖觀自在菩薩一百八名經	^dy【宋】^pr【天息災】譯
1055	密教	佛說聖觀自在菩薩梵讚	^dy【宋】^pr【法賢】譯
1056	密教	金剛頂瑜伽千手千眼觀自在菩薩修行儀軌經	^dy【唐】^pr【不空】譯
1057a	密教	千眼千臂觀世音菩薩陀羅尼神呪經	^dy【唐】^pr【智通】譯
1057b	密教	千眼千臂觀世音菩薩陀羅尼神呪經	^dy【唐】^pr【智通】譯
1058	密教	千手千眼觀世音菩薩姥陀羅尼身經	^dy【唐】^pr【菩提流志】譯
1059	密教	千手千眼觀世音菩薩治病合藥經	^dy【唐】^pr【伽梵達摩】譯
1060	密教	千手千眼觀世音菩薩廣大圓滿無礙大悲心陀羅尼經	^dy【唐】^pr【伽梵達摩】譯
1061	密教	千手千眼觀自在菩薩廣大圓滿無礙大悲心陀羅尼呪本	^dy【唐】^pr【金剛智】譯
1062a	密教	千手千眼觀世音菩薩大身呪本	^dy【唐】^pr【金剛智】譯
1062b	密教	世尊聖者千眼千首千足千舌千臂觀自在菩提薩埵怛嚩廣大圓滿無礙大悲心陀羅尼	
1063	密教	番大悲神呪	
1064	密教	千手千眼觀世音菩薩大悲心陀羅尼	^dy【唐】^pr【不空】譯
1065	密教	千光眼觀自在菩薩祕密法經	^dy【唐】^pr【三昧蘇嚩羅】譯
1066	密教	大悲心陀羅尼修行念誦略儀	^dy【唐】^pr【不空】譯
1067	密教	攝無礙大悲心大陀羅尼經計一法中出無量義南方滿願補陀落海會五部諸尊等弘誓力方位及威儀形色執持三摩耶幖幟曼荼羅儀軌	^dy【唐】^pr【不空】譯
1068	密教	千手觀音造次第法儀軌	^dy【唐】^pr【善無畏】譯
1069	密教	十一面觀自在菩薩心密言念誦儀軌經	^dy【唐】^pr【不空】譯
1070	密教	佛說十一面觀世音神呪經	^dy【北周】^pr【耶舍崛多】譯
1071	密教	十一面神呪心經	^dy【唐】^pr【玄奘】譯
1072a	密教	聖賀野紇哩縛大威怒王立成大神驗供養念誦儀軌法品	^dy【唐】^pr【不空】譯
1072b	密教	馬頭觀音心陀羅尼	
1073	密教	何耶揭唎婆像法	
1074	密教	何耶揭唎婆觀世音菩薩受法壇	
1075	密教	佛說七俱胝佛母准提大明陀羅尼經	^dy【唐】^pr【金剛智】譯
1076	密教	七俱胝佛母所說准提陀羅尼經	^dy【唐】^pr【不空】譯
1077	密教	佛說七俱胝佛母心大准提陀羅尼經	^dy【唐】^pr【地婆訶羅】譯
1078	密教	七佛俱胝佛母心大准提陀羅尼法	^dy【唐】^pr【善無畏】譯
1079	密教	七俱胝獨部法	^dy【唐】^pr【善無畏】譯
1080	密教	如意輪陀羅尼經	^dy【唐】^pr【菩提流志】譯
1081	密教	佛說觀自在菩薩如意心陀羅尼呪經	^dy【唐】^pr【義淨】譯
1082	密教	觀世音菩薩祕密藏如意輪陀羅尼神呪經	^dy【唐】^pr【實叉難陀】譯
1083	密教	觀世音菩薩如意摩尼陀羅尼經	^dy【唐】^pr【寶思惟】譯
1084	密教	觀世音菩薩如意摩尼輪陀羅尼念誦法	^dy【唐】^pr【寶思惟】譯
1085	密教	觀自在菩薩如意輪念誦儀軌	^dy【唐】^pr【不空】譯
1086	密教	觀自在菩薩如意輪瑜伽	^dy【唐】^pr【不空】譯
1087	密教	觀自在如意輪菩薩瑜伽法要	^dy【唐】^pr【金剛智】譯
1088	密教	如意輪菩薩觀門義注祕訣	
1089	密教	都表如意摩尼轉輪聖王次第念誦祕密最要略法	^dy【唐】^pr【解脫師子】譯
1090	密教	佛說如意輪蓮華心如來修行觀門儀	^dy【宋】^pr【慈賢】譯
1091	密教	七星如意輪祕密要經	^dy【唐】^pr【不空】譯
1092	密教	不空羂索神變真言經	^dy【唐】^pr【菩提流志】譯
1093	密教	不空羂索呪經	^dy【隋】^pr【闍那崛多】譯
1094	密教	不空羂索神呪心經	^dy【唐】^pr【玄奘】譯
1095	密教	不空羂索呪心經	^dy【唐】^pr【菩提流志】譯
1096	密教	不空羂索陀羅尼經	^dy【唐】^pr【李無諂】譯
1097	密教	不空羂索陀羅尼自在王呪經	^dy【唐】^pr【寶思惟】譯
1098	密教	佛說不空羂索陀羅尼儀軌經	^dy【唐】^pr【阿目佉】譯
1099	密教	佛說聖觀自在菩薩不空王祕密心陀羅尼經	^dy【宋】^pr【施護】等譯
1100	密教	葉衣觀自在菩薩經	^dy【唐】^pr【不空】譯
1101	密教	佛說大方廣曼殊室利經	^dy【唐】^pr【不空】譯
1102	密教	金剛頂經多羅菩薩念誦法	^dy【唐】^pr【不空】譯
1103a	密教	觀自在菩薩隨心呪經	^dy【唐】^pr【智通】譯
1103b	密教	觀自在菩薩怛嚩多唎隨心陀羅尼經	^dy【唐】^pr【智通】譯
1104	密教	佛說聖多羅菩薩經	^dy【宋】^pr【法賢】譯
1105	密教	聖多羅菩薩一百八名陀羅尼經	^dy【宋】^pr【法天】譯
1106	密教	讚揚聖德多羅菩薩一百八名經	^dy【宋】^pr【天息災】譯
1107	密教	聖多羅菩薩梵讚	^dy【宋】^pr【施護】譯
1108a	密教	聖救度佛母二十一種禮讚經	^dy【元】^pr【安藏】譯
1108b	密教	救度佛母二十一種禮讚經	
1109	密教	白救度佛母讚	^dy【清】^pr【阿旺扎什】譯
1110	密教	佛說一髻尊陀羅尼經	^dy【唐】^pr【不空】譯
1111	密教	青頸觀自在菩薩心陀羅尼經	^dy【唐】^pr【不空】注
1112	密教	金剛頂瑜伽青頸大悲王觀自在念誦儀軌	^dy【唐】^pr【金剛智】譯
1113a	密教	觀自在菩薩廣大圓滿無礙大悲心陀羅尼	^dy【高麗】^pr【指空校】
1113b	密教	大慈大悲救苦觀世音自在王菩薩廣大圓滿無礙自在青頸大悲心陀羅尼	^dy【唐】^pr【不空】譯
1114	密教	毘俱胝菩薩一百八名經	^dy【宋】^pr【法天】譯
1115	密教	觀自在菩薩阿麼𪘨法	
1116	密教	廣大蓮華莊嚴曼拏羅滅一切罪陀羅尼經	^dy【宋】^pr【施護】譯
1117	密教	佛說觀自在菩薩母陀羅尼經	^dy【宋】^pr【法賢】譯
1118	密教	佛說十八臂陀羅尼經	^dy【宋】^pr【法賢】譯
1119	密教	大樂金剛薩埵修行成就儀軌	^dy【唐】^pr【不空】譯
1120a	密教	金剛頂勝初瑜伽經中略出大樂金剛薩埵念誦儀	^dy【唐】^pr【不空】譯
1120b	密教	勝初瑜伽儀軌真言	^dy【唐】^pr【空海請來】
1121	密教	金剛頂普賢瑜伽大教王經大樂不空金剛薩埵一切時方成就儀	
1122	密教	金剛頂瑜伽他化自在天理趣會普賢修行念誦儀軌	^dy【唐】^pr【不空】譯
1123	密教	金剛頂勝初瑜伽普賢菩薩念誦法	^dy【唐】^pr【不空】譯
1124	密教	普賢金剛薩埵略瑜伽念誦儀軌	^dy【唐】^pr【不空】譯
1125	密教	金剛頂瑜伽金剛薩埵五祕密修行念誦儀軌	^dy【唐】^pr【不空】譯
1126	密教	佛說普賢曼拏羅經	^dy【宋】^pr【施護】譯
1127	密教	佛說普賢菩薩陀羅尼經	^dy【宋】^pr【法天】譯
1128	密教	最上大乘金剛大教寶王經	^dy【宋】^pr【法天】譯
1129	密教	佛說金剛手菩薩降伏一切部多大教王經	^dy【宋】^pr【法天】譯
1130	密教	大乘金剛髻珠菩薩修行分	^dy【唐】^pr【菩提流志】譯
1131	密教	聖金剛手菩薩一百八名梵讚	^dy【宋】^pr【法賢】譯
1132	密教	金剛王菩薩祕密念誦儀軌	^dy【唐】^pr【不空】譯
1133	密教	金剛壽命陀羅尼念誦法	^dy【唐】^pr【不空】譯
1134a	密教	金剛壽命陀羅尼經法	^dy【唐】^pr【不空】譯
1134b	密教	金剛壽命陀羅尼經	^dy【唐】^pr【不空】譯
1135	密教	佛說一切如來金剛壽命陀羅尼經	^dy【唐】^pr【不空】譯
1136	密教	佛說一切諸如來心光明加持普賢菩薩延命金剛最勝陀羅尼經	^dy【唐】^pr【不空】譯
1137	密教	佛說善法方便陀羅尼經	^pr【失譯】
1138a	密教	金剛祕密善門陀羅尼呪經	^pr【失譯】
1138b	密教	金剛祕密善門陀羅尼經	^pr【失譯】
1139	密教	護命法門神呪經	^dy【唐】^pr【菩提流志】譯
1140	密教	佛說延壽妙門陀羅尼經	^dy【宋】^pr【法賢】譯
1141	密教	慈氏菩薩略修瑜伽念誦法	^dy【唐】^pr【善無畏】譯
1142	密教	佛說慈氏菩薩陀羅尼	^dy【宋】^pr【法賢】譯
1143	密教	佛說慈氏菩薩誓願陀羅尼經	^dy【宋】^pr【法賢】譯
1144	密教	佛說彌勒菩薩發願王偈	^dy【清】^pr【工布查布】譯
1145	密教	虛空藏菩薩能滿諸願最勝心陀羅尼求聞持法	^dy【唐】^pr【善無畏】譯
1146	密教	大虛空藏菩薩念誦法	^dy【唐】^pr【不空】譯
1147	密教	聖虛空藏菩薩陀羅尼經	^dy【宋】^pr【法天】譯
1148	密教	佛說虛空藏菩薩陀羅尼	^dy【宋】^pr【法賢】譯
1149	密教	五大虛空藏菩薩速疾大神驗祕密式經	^dy【唐】^pr【金剛智】譯
1150	密教	轉法輪菩薩摧魔怨敵法	^dy【唐】^pr【不空】譯
1151	密教	修習般若波羅蜜菩薩觀行念誦儀軌	^dy【唐】^pr【不空】譯
1152	密教	佛說佛母般若波羅蜜多大明觀想儀軌	^dy【宋】^pr【施護】譯
1153	密教	普遍光明清淨熾盛如意寶印心無能勝大明王大隨求陀羅尼經	^dy【唐】^pr【不空】譯
1154	密教	佛說隨求即得大自在陀羅尼神呪經	^dy【唐】^pr【寶思惟】譯
1155	密教	金剛頂瑜伽最勝祕密成佛隨求即得神變加持成就陀羅尼儀軌	^dy【唐】^pr【不空】譯
1156a	密教	大隨求即得大陀羅尼明王懺悔法	^dy【唐】^pr【惟謹】述
1156b	密教	宗叡僧正於唐國師所口受	
1157	密教	香王菩薩陀羅尼呪經	^dy【唐】^pr【義淨】譯
1158	密教	地藏菩薩儀軌	^dy【唐】^pr【輸婆迦羅】譯
1159a	密教	𭖏𡇪大道心驅策法	
1159b	密教	佛說地藏菩薩陀羅尼經	
1160	密教	日光菩薩月光菩薩陀羅尼	
1161	密教	佛說觀藥王藥上二菩薩經	^dy【劉宋】^pr【畺良耶舍】譯
1162	密教	持世陀羅尼經	^dy【唐】^pr【玄奘】譯
1163	密教	佛說雨寶陀羅尼經	^dy【唐】^pr【不空】譯
1164	密教	佛說大乘聖吉祥持世陀羅尼經	^dy【宋】^pr【法天】譯
1165	密教	聖持世陀羅尼經	^dy【宋】^pr【施護】譯
1166	密教	馬鳴菩薩大神力無比驗法念誦軌儀	^dy【唐】^pr【金剛智】譯
1167	密教	八大菩薩曼荼羅經	^dy【唐】^pr【不空】譯
1168a	密教	佛說大乘八大曼拏羅經	^dy【宋】^pr【法賢】譯
1168b	密教	八曼荼羅經	
1169	密教	佛說持明藏瑜伽大教尊那菩薩大明成就儀軌經	^dy【宋】^pr【法賢】譯
1170	密教	佛說金剛香菩薩大明成就儀軌經	^dy【宋】^pr【施護】譯
1171	密教	金剛頂經瑜伽文殊師利菩薩法	^dy【唐】^pr【不空】譯
1172	密教	金剛頂超勝三界經說文殊五字真言勝相	^dy【唐】^pr【不空】譯
1173	密教	金剛頂經曼殊室利菩薩五字心陀羅尼品	^dy【唐】^pr【金剛智】譯
1174	密教	五字陀羅尼頌	^dy【唐】^pr【不空】譯
1175	密教	金剛頂經瑜伽文殊師利菩薩供養儀軌	^dy【唐】^pr【不空】譯
1176	密教	曼殊室利童子菩薩五字瑜伽法	^dy【唐】^pr【不空】譯
1177a	密教	大乘瑜伽金剛性海曼殊室利千臂千鉢大教王經	^dy【唐】^pr【不空】譯
1177b	密教	千鉢文殊一百八名讚	^dy【唐】^pr【空海請來】
1178	密教	文殊菩薩獻佛陀羅尼名烏蘇吒	
1179	密教	文殊師利菩薩六字呪功能法經	
1180	密教	六字神呪經	^dy【唐】^pr【菩提流志】譯
1181	密教	大方廣菩薩藏經中文殊師利根本一字陀羅尼經	^dy【唐】^pr【寶思惟】譯
1182	密教	曼殊室利菩薩呪藏中一字呪王經	^dy【唐】^pr【義淨】譯
1183	密教	一髻文殊師利童子陀羅尼念誦儀軌	^dy【唐】^pr【金剛福壽】譯
1184	密教	大聖妙吉祥菩薩祕密八字陀羅尼修行曼荼羅次第儀軌法	^dy【唐】^pr【菩提仙】譯
1185a	密教	佛說文殊師利法寶藏陀羅尼經	^dy【唐】^pr【菩提流志】譯
1185b	密教	文殊師利寶藏陀羅尼經	^dy【唐】^pr【菩提流志】譯
1186	密教	佛說妙吉祥菩薩陀羅尼	^dy【宋】^pr【法賢】譯
1187	密教	佛說最勝妙吉祥根本智最上祕密一切名義三摩地分	^dy【宋】^pr【施護】譯
1188	密教	文殊所說最勝名義經	^dy【宋】^pr【金總持】等譯
1189	密教	佛說文殊菩薩最勝真實名義經	^dy【元】^pr【沙囉巴】譯
1190	密教	聖妙吉祥真實名經	^dy【元】^pr【釋智】譯
1191	密教	大方廣菩薩藏文殊師利根本儀軌經	^dy【宋】^pr【天息災】譯
1192	密教	妙吉祥平等祕密最上觀門大教王經	^dy【宋】^pr【慈賢】譯
1193	密教	妙吉祥平等瑜伽祕密觀身成佛儀軌	^dy【宋】^pr【慈賢】譯
1194	密教	妙吉祥平等觀門大教王經略出護摩儀	^dy【宋】^pr【慈賢】譯
1195	密教	大聖文殊師利菩薩讚佛法身禮	^dy【唐】^pr【不空】譯
1196	密教	曼殊室利菩薩吉祥伽陀	^dy【宋】^pr【法賢】譯
1197	密教	佛說文殊師利一百八名梵讚	^dy【宋】^pr【法天】譯
1198	密教	聖者文殊師利發菩提心願文	^dy【元】^pr【智慧】譯
1199	密教	金剛手光明灌頂經最勝立印聖無動尊大威怒王念誦儀軌法品	^dy【唐】^pr【不空】譯
1200	密教	底哩三昧耶不動尊威怒王使者念誦法	^dy【唐】^pr【不空】譯
1201	密教	底哩三昧耶不動尊聖者念誦祕密法	^dy【唐】^pr【不空】譯
1202	密教	不動使者陀羅尼祕密法	^dy【唐】^pr【金剛智】譯
1203	密教	聖無動尊安鎮家國等法	
1204	密教	聖無動尊一字出生八大童子祕要法品	
1205	密教	勝軍不動明王四十八使者祕密成就儀軌	^dy【唐】^pr【遍智】集
1206	密教	佛說俱利伽羅大龍勝外道伏陀羅尼經	
1207	密教	說矩里迦龍王像法	
1208	密教	俱力迦羅龍王儀軌	^dy【唐】^pr【金剛智】譯
1209	密教	金剛頂瑜伽降三世成就極深密門	^dy【唐】^pr【不空】譯
1210	密教	降三世忿怒明王念誦儀軌	^dy【唐】^pr【不空】譯
1211	密教	甘露軍荼利菩薩供養念誦成就儀軌	^dy【唐】^pr【不空】譯
1212	密教	西方陀羅尼藏中金剛族阿蜜哩多軍吒利法	^dy【唐】^pr【海雲】記
1213	密教	千臂軍荼利梵字真言	^dy【唐】^pr【義操】記
1214	密教	聖閻曼德迦威怒王立成大神驗念誦法	^dy【唐】^pr【不空】譯
1215	密教	大乘方廣曼殊室利菩薩華嚴本教閻曼德迦忿怒王真言大威德儀軌品	
1216	密教	大方廣曼殊室利童真菩薩華嚴本教讚閻曼德迦忿怒王真言阿毘遮嚕迦儀軌品	
1217	密教	佛說妙吉祥最勝根本大教經	^dy【宋】^pr【法賢】譯
1218	密教	文殊師利耶曼德迦呪法	^dy【唐】^pr【宗叡將來】
1219	密教	曼殊室利焰曼德迦萬愛祕術如意法	^dy【唐】^pr【一行】撰
1220	密教	金剛藥叉瞋怒王息災大威神驗念誦儀軌	^dy【唐】^pr【金剛智】譯
1221	密教	青色大金剛藥叉辟鬼魔法	^dy【唐】^pr【空蜝】述
1222a	密教	聖迦抳忿怒金剛童子菩薩成就儀軌經	^dy【唐】^pr【不空】譯
1222b	密教	聖迦柅忿怒金剛童子菩薩成就儀軌經	^dy【唐】^pr【不空】譯
1223	密教	佛說無量壽佛化身大忿迅俱摩羅金剛念誦瑜伽儀軌法	^dy【唐】^pr【金剛智】譯
1224	密教	金剛童子持念經	
1225	密教	大威怒烏芻澁麼儀軌經	^dy【唐】^pr【不空】譯
1226	密教	烏芻澁明王儀軌梵字	^dy【唐】^pr【空海請來】
1227	密教	大威力烏樞瑟摩明王經	^dy【唐】^pr【阿質達霰】譯
1228	密教	穢跡金剛說神通大滿陀羅尼法術靈要門	^dy【唐】^pr【阿質達霰】譯
1229	密教	穢跡金剛禁百變法經	^dy【唐】^pr【阿質達霰】譯
1230	密教	佛說大輪金剛總持陀羅尼經	
1231	密教	大輪金剛修行悉地成就及供養法	
1232	密教	播般曩結使波金剛念誦儀	
1233	密教	佛說無能勝大明王陀羅尼經	^dy【宋】^pr【法天】譯
1234	密教	無能勝大明陀羅尼經	^dy【宋】^pr【法天】譯
1235	密教	無能勝大明心陀羅尼經	^dy【宋】^pr【法天】譯
1236	密教	聖無能勝金剛火陀羅尼經	^dy【宋】^pr【法天】譯
1237	密教	阿吒婆拘鬼神大將上佛陀羅尼神呪經	^pr【失譯】
1238	密教	阿吒婆𤘽鬼神大將上佛陀羅尼經	^pr【失譯】
1239	密教	阿吒薄俱元帥大將上佛陀羅尼經修行儀軌	^dy【唐】^pr【善無畏】譯
1240	密教	阿吒薄𤘽付囑呪	
1241	密教	伽馱金剛真言	
1242	密教	佛說妙吉祥瑜伽大教金剛陪囉嚩輪觀想成就儀軌經	^dy【宋】^pr【法賢】譯
1243	密教	佛說出生一切如來法眼遍照大力明王經	^dy【宋】^pr【法護】譯
1244	密教	毘沙門天王經	^dy【唐】^pr【不空】譯
1245	密教	佛說毘沙門天王經	^dy【宋】^pr【法天】譯
1246	密教	摩訶吠室囉末那野提婆喝囉闍陀羅尼儀軌	^dy【唐】^pr【般若斫羯囉】譯
1247	密教	北方毘沙門天王隨軍護法儀軌	^dy【唐】^pr【不空】譯
1248	密教	北方毘沙門天王隨軍護法真言	^dy【唐】^pr【不空】譯
1249	密教	毘沙門儀軌	^dy【唐】^pr【不空】譯
1250	密教	北方毘沙門多聞寶藏天王神妙陀羅尼別行儀軌	^dy【唐】^pr【不空】譯
1251	密教	吽迦陀野儀軌	^dy【唐】^pr【金剛智】譯
1252a	密教	佛說大吉祥天女十二名號經	^dy【唐】^pr【不空】譯
1252b	密教	佛說大吉祥天女十二名號經	^dy【唐】^pr【不空】譯
1253	密教	大吉祥天女十二契一百八名無垢大乘經	^dy【唐】^pr【不空】譯
1254	密教	末利支提婆華鬘經	^dy【唐】^pr【不空】譯
1255a	密教	佛說摩利支天菩薩陀羅尼經	^dy【唐】^pr【不空】譯
1255b	密教	佛說摩利支天經	^dy【唐】^pr【不空】譯
1256	密教	佛說摩利支天陀羅尼呪經	^pr【失譯】
1257	密教	佛說大摩里支菩薩經	^dy【宋】^pr【天息災】譯
1258	密教	摩利支菩薩略念誦法	^dy【唐】^pr【不空】譯
1259	密教	摩利支天一印法	
1260	密教	大藥叉女歡喜母并愛子成就法	^dy【唐】^pr【不空】譯
1261	密教	訶利帝母真言經	^dy【唐】^pr【不空】譯
1262	密教	佛說鬼子母經	^pr【失譯】
1263	密教	氷揭羅天童子經	^dy【唐】^pr【不空】譯
1264a	密教	觀自在菩薩化身蘘麌哩曳童女銷伏毒害陀羅尼經	^dy【唐】^pr【不空】譯
1264b	密教	佛說穰麌梨童女經	^dy【唐】^pr【不空】譯
1265	密教	佛說常瞿利毒女陀羅尼呪經	^dy【唐】^pr【瞿多】譯
1266	密教	大聖天歡喜雙身毘那夜迦法	^dy【唐】^pr【不空】譯
1267	密教	使呪法經	^dy【唐】^pr【菩提留支】譯
1268	密教	大使呪法經	^dy【唐】^pr【菩提留支】譯
1269	密教	佛說金色迦那鉢底陀羅尼經	^dy【唐】^pr【金剛智】譯
1270	密教	大聖歡喜雙身大自在天毘那夜迦王歸依念誦供養法	^dy【唐】^pr【善無畏】譯
1271	密教	摩訶毘盧遮那如來定惠均等入三昧耶身雙身大聖歡喜天菩薩修行祕密法儀軌	^dy【唐】^pr【不空】譯
1272	密教	金剛薩埵說頻那夜迦天成就儀軌經	^dy【宋】^pr【法賢】譯
1273	密教	毘那夜迦誐那鉢底瑜伽悉地品祕要	^dy【唐】^pr【含光】記
1274	密教	大聖歡喜雙身毘那夜迦天形像品儀軌	^dy【唐】^pr【憬瑟】撰
1275	密教	聖歡喜天式法	^dy【唐】^pr【般若惹羯羅】撰
1276	密教	文殊師利菩薩根本大教王經金翅鳥王品	^dy【唐】^pr【不空】譯
1277	密教	速疾立驗魔醯首羅天說阿尾奢法	^dy【唐】^pr【不空】譯
1278	密教	迦樓羅及諸天密言經	^dy【唐】^pr【般若力】譯
1279	密教	摩醯首羅天法要	
1280	密教	摩醯首羅大自在天王神通化生伎藝天女念誦法	
1281	密教	那羅延天共阿修羅王鬪戰法	^dy【唐】^pr【寶思惟】譯
1282	密教	寶藏天女陀羅尼法	
1283	密教	佛說寶藏神大明曼拏羅儀軌經	^dy【宋】^pr【法天】譯
1284	密教	佛說聖寶藏神儀軌經	^dy【宋】^pr【法天】譯
1285	密教	佛說寶賢陀羅尼經	^dy【宋】^pr【法賢】譯
1286	密教	堅牢地天儀軌	^dy【唐】^pr【善無畏】譯
1287	密教	大黑天神法	^dy【唐】^pr【神愷】記
1288	密教	佛說最上祕密那拏天經	^dy【宋】^pr【法賢】譯
1289	密教	佛說金毘羅童子威德經	^dy【唐】^pr【不空】譯
1290	密教	焰羅王供行法次第	^dy【唐】^pr【阿謨伽】撰
1291	密教	深沙大將儀軌	^dy【唐】^pr【不空】譯
1292	密教	法華十羅剎法	
1293	密教	般若守護十六善神王形體	^dy【唐】^pr【金剛智】譯
1294	密教	施八方天儀則	
1295	密教	供養護世八天法	^dy【唐】^pr【法全】集
1296	密教	十天儀軌	
1297	密教	供養十二大威德天報恩品	^dy【唐】^pr【不空】譯
1298	密教	十二天供儀軌	
1299	密教	文殊師利菩薩及諸仙所說吉凶時日善惡宿曜經	^dy【唐】^pr【不空】譯
1300	密教	摩登伽經	^dy【吳】^pr【竺律炎支謙】共譯
1301	密教	舍頭諫太子二十八宿經	^dy【西晉】^pr【竺法護】譯
1302	密教	諸星母陀羅尼經	^dy【唐】^pr【法成】譯
1303	密教	佛說聖曜母陀羅尼經	^dy【宋】^pr【法天】譯
1304	密教	宿曜儀軌	^dy【唐】^pr【一行】撰
1305	密教	北斗七星念誦儀軌	^dy【唐】^pr【金剛智】譯
1306	密教	北斗七星護摩祕要儀軌	^dy【唐】^pr【不空】述
1307	密教	佛說北斗七星延命經	
1308	密教	七曜攘災決	^dy【唐】^pr【金俱吒】撰
1309	密教	七曜星辰別行法	^dy【唐】^pr【一行】撰
1310	密教	北斗七星護摩法	^dy【唐】^pr【一行】撰
1311	密教	梵天火羅九曜	^dy【唐】^pr【一行】述
1312	密教	難儞計濕嚩囉天說支輪經	^dy【宋】^pr【法賢】譯
1313	密教	佛說救拔焰口餓鬼陀羅尼經	^dy【唐】^pr【不空】譯
1314	密教	佛說救面然餓鬼陀羅尼神呪經	^dy【唐】^pr【實叉難陀】譯
1315	密教	施諸餓鬼飲食及水法	^dy【唐】^pr【不空】譯
1316	密教	佛說甘露經陀羅尼呪	^dy【唐】^pr【實叉難陀】譯
1317	密教	甘露陀羅尼呪	^dy【唐】^pr【實叉難陀】譯
1318	密教	瑜伽集要救阿難陀羅尼焰口軌儀經	^dy【唐】^pr【不空】譯
1319	密教	瑜伽集要焰口施食起教阿難陀緣由	^dy【唐】^pr【不空】譯
1320	密教	瑜伽集要焰口施食儀	
1321	密教	佛說施餓鬼甘露味大陀羅尼經	^dy【唐】^pr【跋馱木阿】譯
1322	密教	新集浴像儀軌	^dy【唐】^pr【慧琳】述
1323	密教	除一切疾病陀羅尼經	^dy【唐】^pr【不空】譯
1324	密教	能淨一切眼疾病陀羅尼經	^dy【唐】^pr【不空】譯
1325	密教	佛說療痔病經	^dy【唐】^pr【義淨】譯
1326	密教	佛說呪時氣病經	^dy【東晉】^pr【曇無蘭】譯
1327	密教	佛說呪齒經	^dy【東晉】^pr【曇無蘭】譯
1328	密教	佛說呪目經	^dy【東晉】^pr【曇無蘭】譯
1329	密教	佛說呪小兒經	^dy【東晉】^pr【曇無蘭】譯
1330	密教	囉嚩拏說救療小兒疾病經	^dy【宋】^pr【法賢】譯
1331	密教	佛說灌頂經	^dy【東晉】^pr【帛尸梨蜜多羅】譯
1332	密教	七佛八菩薩所說大陀羅尼神呪經	^pr【失譯】
1333	密教	虛空藏菩薩問七佛陀羅尼呪經	^pr【失譯】
1334	密教	如來方便善巧呪經	^dy【隋】^pr【闍那崛多】譯
1335	密教	大吉義神呪經	^dy【元魏】^pr【曇曜】譯
1336	密教	陀羅尼雜集	^pr【失譯】
1337	密教	種種雜呪經	^dy【北周】^pr【闍那崛多】譯
1338	密教	呪三首經	^dy【唐】^pr【地婆訶羅】譯
1339	密教	大方等陀羅尼經	^dy【北涼】^pr【法眾】譯
1340	密教	大法炬陀羅尼經	^dy【隋】^pr【闍那崛多】譯
1341	密教	大威德陀羅尼經	^dy【隋】^pr【闍那崛多】譯
1342	密教	佛說無崖際總持法門經	^dy【西秦】^pr【聖堅】譯
1343	密教	尊勝菩薩所問一切諸法入無量門陀羅尼經	^dy【北齊】^pr【萬天懿】譯
1344	密教	金剛上味陀羅尼經	^dy【元魏】^pr【佛陀扇多】譯
1345	密教	金剛場陀羅尼經	^dy【隋】^pr【闍那崛多】譯
1346	密教	諸佛集會陀羅尼經	^dy【唐】^pr【提雲般若】等譯
1347	密教	息除中夭陀羅尼經	^dy【宋】^pr【施護】譯
1348	密教	佛說十二佛名神呪校量功德除障滅罪經	^dy【隋】^pr【闍那崛多】譯
1349	密教	佛說稱讚如來功德神呪經	^dy【唐】^pr【義淨】譯
1350	密教	佛說一切如來名號陀羅尼經	^dy【宋】^pr【法賢】譯
1351	密教	佛說持句神呪經	^dy【吳】^pr【支謙】譯
1352	密教	佛說陀隣尼鉢經	^dy【東晉】^pr【曇無蘭】譯
1353	密教	東方最勝燈王陀羅尼經	^dy【隋】^pr【闍那崛多】譯
1354	密教	東方最勝燈王如來經	^dy【隋】^pr【闍那崛多】等譯
1355	密教	佛說聖最上燈明如來陀羅尼經	^dy【宋】^pr【施護】譯
1356	密教	佛說華積陀羅尼神呪經	^dy【吳】^pr【支謙】譯
1357	密教	佛說師子奮迅菩薩所問經	^pr【失譯】
1358	密教	佛說花聚陀羅尼呪經	^pr【失譯】
1359	密教	佛說花積樓閣陀羅尼經	^dy【宋】^pr【施護】譯
1360	密教	六門陀羅尼經	^dy【唐】^pr【玄奘】譯
1361	密教	六門陀羅尼經論	^pr【世親菩薩】造
1362	密教	佛說善夜經	^dy【唐】^pr【義淨】譯
1363	密教	勝幢臂印陀羅尼經	^dy【唐】^pr【玄奘】譯
1364	密教	妙臂印幢陀羅尼經	^dy【唐】^pr【實叉難陀】譯
1365	密教	八名普密陀羅尼經	^dy【唐】^pr【玄奘】譯
1366	密教	佛說祕密八名陀羅尼經	^dy【宋】^pr【法賢】譯
1367	密教	佛說大普賢陀羅尼經	^pr【失譯】
1368	密教	佛說大七寶陀羅尼經	^pr【失譯】
1369a	密教	百千印陀羅尼經	^dy【唐】^pr【實叉難陀】譯
1369b	密教	百千印陀羅尼經	^dy【唐】^pr【實叉難陀】譯
1370	密教	佛說持明藏八大總持王經	^dy【宋】^pr【施護】譯
1371	密教	佛說聖大總持王經	^dy【宋】^pr【施護】譯
1372	密教	增慧陀羅尼經	^dy【宋】^pr【施護】譯
1373	密教	佛說施一切無畏陀羅尼經	^dy【宋】^pr【施護】等譯
1374	密教	佛說一切功德莊嚴王經	^dy【唐】^pr【義淨】譯
1375	密教	佛說莊嚴王陀羅尼呪經	^dy【唐】^pr【義淨】譯
1376	密教	佛說聖莊嚴陀羅尼經	^dy【宋】^pr【施護】譯
1377	密教	佛說寶帶陀羅尼經	^dy【宋】^pr【施護】譯
1378a	密教	佛說玄師颰陀所說神呪經	^dy【東晉】^pr【曇無蘭】譯
1378b	密教	幻師颰陀神呪經	^dy【東晉】^pr【曇無蘭】譯
1379	密教	佛說大愛陀羅尼經	^dy【宋】^pr【法賢】譯
1380	密教	佛說善樂長者經	^dy【宋】^pr【法賢】譯
1381	密教	佛說大吉祥陀羅尼經	^dy【宋】^pr【法賢】譯
1382	密教	佛說宿命智陀羅尼	^dy【宋】^pr【法賢】譯
1383	密教	佛說宿命智陀羅尼經	^dy【宋】^pr【法賢】譯
1384	密教	佛說鉢蘭那賒嚩哩大陀羅尼經	^dy【宋】^pr【法賢】譯
1385	密教	佛說俱枳羅陀羅尼經	^dy【宋】^pr【法賢】譯
1386	密教	佛說妙色陀羅尼經	^dy【宋】^pr【法賢】譯
1387	密教	佛說栴檀香身陀羅尼經	^dy【宋】^pr【法賢】譯
1388	密教	佛說無畏陀羅尼經	^dy【宋】^pr【法賢】譯
1389	密教	佛說無量壽大智陀羅尼	^dy【宋】^pr【法賢】譯
1390	密教	佛說洛叉陀羅尼經	^dy【宋】^pr【法賢】譯
1391	密教	佛說檀特羅麻油述經	^dy【東晉】^pr【曇無蘭】譯
1392	密教	大寒林聖難拏陀羅尼經	^dy【宋】^pr【法天】譯
1393	密教	佛說摩尼羅亶經	^dy【東晉】^pr【曇無蘭】譯
1394	密教	佛說安宅神呪經	^pr【失譯】
1395	密教	拔濟苦難陀羅尼經	^dy【唐】^pr【玄奘】譯
1396	密教	佛說拔除罪障呪王經	^dy【唐】^pr【義淨】譯
1397	密教	智炬陀羅尼經	^dy【唐】^pr【提雲般若】等譯
1398	密教	佛說智光滅一切業障陀羅尼經	^dy【宋】^pr【施護】譯
1399	密教	佛說滅除五逆罪大陀羅尼經	^dy【宋】^pr【法賢】譯
1400	密教	佛說消除一切災障寶髻陀羅尼經	^dy【宋】^pr【法賢】譯
1401	密教	佛說大金剛香陀羅尼經	^dy【宋】^pr【施護】譯
1402	密教	消除一切閃電障難隨求如意陀羅尼經	^dy【宋】^pr【施護】譯
1403	密教	佛說如意摩尼陀羅尼經	^dy【宋】^pr【施護】譯
1404	密教	佛說如意寶總持王經	^dy【宋】^pr【施護】譯
1405	密教	佛說息除賊難陀羅尼經	^dy【宋】^pr【法賢】譯
1406	密教	佛說辟除賊害呪經	
1407	密教	佛說辟除諸惡陀羅尼經	^dy【宋】^pr【法賢】譯
1408	密教	佛說最上意陀羅尼經	^dy【宋】^pr【施護】譯
1409	密教	佛說聖最勝陀羅尼經	^dy【宋】^pr【施護】譯
1410	密教	佛說勝幡瓔珞陀羅尼經	^dy【宋】^pr【施護】譯
1411	密教	佛說蓮華眼陀羅尼經	^dy【宋】^pr【施護】譯
1412	密教	佛說寶生陀羅尼經	^dy【宋】^pr【施護】譯
1413	密教	佛說尊勝大明王經	^dy【宋】^pr【施護】譯
1414	密教	佛說金身陀羅尼經	^dy【宋】^pr【施護】譯
1415	密教	大金剛妙高山樓閣陀羅尼	^dy【宋】^pr【施護】譯
1416	密教	金剛摧碎陀羅尼	^dy【宋】^pr【慈賢】譯
1417	密教	佛說壞相金剛陀羅尼經	^dy【元】^pr【沙囉巴】譯
1418	密教	佛說一切如來安像三昧儀軌經	^dy【宋】^pr【施護】譯
1419	密教	佛說造像量度經解	^dy【清】^pr【工布查布譯】解
1420	密教	龍樹五明論	
1421	律	彌沙塞部和醯五分律	^dy【劉宋】^pr【佛陀什】共^pr【竺道生】等譯
1422a	律	彌沙塞五分戒本	^dy【劉宋】^pr【佛陀什】等譯
1422b	律	五分戒本	^dy【劉宋】^pr【佛陀什】等譯
1423	律	五分比丘尼戒本	^dy【梁】^pr【明徽】集
1424	律	彌沙塞羯磨本	^dy【唐】^pr【愛同】錄
1425	律	摩訶僧祇律	^dy【東晉】^pr【佛陀跋陀羅】共^pr【法顯】譯
1426	律	摩訶僧祇律大比丘戒本	^dy【東晉】^pr【佛陀跋陀羅】譯
1427	律	摩訶僧祇比丘尼戒本	^dy【東晉】^pr【法顯】共^pr【覺賢】譯
1428	律	四分律	^dy【姚秦】^pr【佛陀耶舍】共^pr【竺佛念】等譯
1429	律	四分律比丘戒本	^dy【後秦】^pr【佛陀耶舍】譯
1430	律	四分僧戒本	^dy【後秦】^pr【佛陀耶舍】譯
1431	律	四分比丘尼戒本	^dy【後秦】^pr【佛陀耶舍】譯
1432	律	曇無德律部雜羯磨	^dy【曹魏】^pr【康僧鎧】譯
1433	律	羯磨	^dy【曹魏】^pr【曇諦】譯
1434	律	四分比丘尼羯磨法	^dy【劉宋】^pr【求那跋摩】譯
1435	律	十誦律	^dy【後秦】^pr【弗若多羅】共^pr【羅什】譯
1436	律	十誦比丘波羅提木叉戒本	^dy【姚秦】^pr【鳩摩羅什】譯
1437	律	十誦比丘尼波羅提木叉戒本	^dy【劉宋】^pr【法顯集出】
1438	律	大沙門百一羯磨法	
1439	律	十誦羯磨比丘要用	^dy【劉宋】^pr【僧璩撰出】
1440	律	薩婆多毘尼毘婆沙	^pr【失譯】
1441	律	薩婆多部毘尼摩得勒伽	^dy【劉宋】^pr【僧伽跋摩】譯
1442	律	根本說一切有部毘奈耶	^dy【唐】^pr【義淨】譯
1443	律	根本說一切有部苾芻尼毘奈耶	^dy【唐】^pr【義淨】譯
1444	律	根本說一切有部毘奈耶出家事	^dy【唐】^pr【義淨】譯
1445	律	根本說一切有部毘奈耶安居事	^dy【唐】^pr【義淨】譯
1446	律	根本說一切有部毘奈耶隨意事	^dy【唐】^pr【義淨】譯
1447	律	根本說一切有部毘奈耶皮革事	^dy【唐】^pr【義淨】譯
1448	律	根本說一切有部毘奈耶藥事	^dy【唐】^pr【義淨】譯
1449	律	根本說一切有部毘奈耶羯恥那衣事	^dy【唐】^pr【義淨】譯
1450	律	根本說一切有部毘奈耶破僧事	^dy【唐】^pr【義淨】譯
1451	律	根本說一切有部毘奈耶雜事	^dy【唐】^pr【義淨】譯
1452	律	根本說一切有部尼陀那目得迦	^dy【唐】^pr【義淨】譯
1453	律	根本說一切有部百一羯磨	^dy【唐】^pr【義淨】譯
1454	律	根本說一切有部戒經	^dy【唐】^pr【義淨】譯
1455	律	根本說一切有部苾芻尼戒經	^dy【唐】^pr【義淨】譯
1456	律	根本說一切有部毘奈耶尼陀那目得迦攝頌	^dy【唐】^pr【義淨】譯
1457	律	根本說一切有部略毘奈耶雜事攝頌	^dy【唐】^pr【義淨】譯
1458	律	根本薩婆多部律攝	^pr【尊者勝友】造^dy【唐】^pr【義淨】譯
1459	律	根本說一切有部毘奈耶頌	^pr【尊者毘舍佉】造^dy【唐】^pr【義淨】譯
1460	律	解脫戒經	^dy【元魏】^pr【般若流支】譯
1461	律	律二十二明了論	^pr【弗陀多羅多】造^dy【陳】^pr【真諦】譯
1462	律	善見律毘婆沙	^dy【蕭齊】^pr【僧伽跋陀羅】譯
1463	律	毘尼母經	^pr【失譯】
1464	律	鼻奈耶	^dy【姚秦】^pr【竺佛念】譯
1465	律	舍利弗問經	^pr【失譯】
1466	律	優波離問佛經	^dy【宋】^pr【求那跋摩】譯
1467a	律	佛說犯戒罪報輕重經	^dy【後漢】^pr【安世高】譯
1467b	律	佛說犯戒罪報輕重經	
1468	律	佛說目連所問經	^dy【宋】^pr【法天】譯
1469	律	佛說迦葉禁戒經	^dy【宋】^pr【沮渠京聲】譯
1470	律	大比丘三千威儀	^dy【後漢】^pr【安世高】譯
1471	律	沙彌十戒法并威儀	^pr【失譯】
1472	律	沙彌威儀	^dy【宋】^pr【求那跋摩】譯
1473	律	佛說沙彌十戒儀則經	^dy【宋】^pr【施護】譯
1474	律	沙彌尼戒經	^pr【失譯】
1475	律	沙彌尼離戒文	^pr【失譯】
1476	律	佛說優婆塞五戒相經	^dy【宋】^pr【求那跋摩】譯
1477	律	佛說戒消災經	^dy【吳】^pr【支謙】譯
1478	律	大愛道比丘尼經	^pr【失譯】
1479	律	佛說苾芻五法經	^dy【宋】^pr【法天】譯
1480	律	佛說苾芻迦尸迦十法經	^dy【宋】^pr【法天】譯
1481	律	佛說五恐怖世經	^dy【宋】^pr【沮渠京聲】譯
1482	律	佛阿毘曇經出家相品	^dy【陳】^pr【真諦】譯
1483a	律	佛說目連問戒律中五百輕重事	^pr【失譯】
1483b	律	佛說目連問戒律中五百輕重事經	^pr【失譯】
1484	律	梵網經	^dy【後秦】^pr【鳩摩羅什】譯
1485	律	菩薩瓔珞本業經	^dy【姚秦】^pr【竺佛念】譯
1486	律	受十善戒經	^pr【失譯】
1487	律	佛說菩薩內戒經	^dy【宋】^pr【求那跋摩】譯
1488	律	優婆塞戒經	^dy【北涼】^pr【曇無讖】譯
1489	律	清淨毘尼方廣經	^dy【後秦】^pr【鳩摩羅什】譯
1490	律	寂調音所問經	^dy【宋】^pr【法海】譯
1491	律	菩薩藏經	^dy【梁】^pr【僧伽婆羅】譯
1492	律	佛說舍利弗悔過經	^dy【後漢】^pr【安世高】譯
1493	律	大乘三聚懺悔經	^dy【隋】^pr【闍那崛多】共^pr【笈多】等譯
1494	律	佛說淨業障經	^pr【失譯】
1495	律	善恭敬經	^dy【隋】^pr【闍那崛多】譯
1496	律	佛說正恭敬經	^dy【元魏】^pr【佛陀扇多】譯
1497	律	佛說大乘戒經	^dy【宋】^pr【施護】譯
1498	律	佛說八種長養功德經	^dy【宋】^pr【法護】等譯
1499	律	菩薩戒羯磨文	^pr【彌勒菩薩】說^dy【唐】^pr【玄奘】譯
1500	律	菩薩戒本	^pr【慈氏菩薩】說^dy【北涼】^pr【曇無讖】譯
1501	律	菩薩戒本	^pr【彌勒菩薩】說^dy【唐】^pr【玄奘】譯
1502	律	菩薩受齋經	^dy【西晉】^pr【聶道真】譯
1503	律	優婆塞五戒威儀經	^dy【宋】^pr【求那跋摩】譯
1504	律	菩薩五法懺悔文	^pr【失譯】
1505	阿含	四阿鋡暮抄解	^pr【婆素跋陀】造^dy【符秦】^pr【鳩摩羅佛提】等譯
1506	阿含	三法度論	^dy【東晉】^pr【僧伽提婆】譯
1507	阿含	分別功德論	^pr【失譯附後漢】錄
1508	阿含	阿含口解十二因緣經	^dy【後漢】^pr【安玄】共^pr【嚴佛調】譯
1509	般若	大智度論	^pr【龍樹菩薩】造^dy【後秦】^pr【鳩摩羅什】譯
1510a	般若	金剛般若論	^pr【無著菩薩】造^dy【隋】^pr【達磨笈多】譯
1510b	般若	金剛般若波羅蜜經論	^pr【無著菩薩】造^dy【隋】^pr【達磨笈多】譯
1511	般若	金剛般若波羅蜜經論	^pr【天親菩薩】造^dy【元魏】^pr【菩提流支】譯
1512	般若	金剛仙論	^pr【世親菩薩】造^pr【金剛仙論師釋】^dy【元魏】^pr【菩提流支】譯
1513	般若	能斷金剛般若波羅蜜多經論釋	^pr【無著菩薩造頌】^pr【世親菩薩釋】^dy【唐】^pr【義淨】譯
1514	般若	能斷金剛般若波羅蜜多經論頌	^pr【無著菩薩】造^dy【唐】^pr【義淨】譯
1515	般若	金剛般若波羅蜜經破取著不壞假名論	^pr【功德施菩薩】造^dy【唐】^pr【地婆訶羅】等譯
1516	般若	聖佛母般若波羅蜜多九頌精義論	^pr【勝德赤衣菩薩】造^dy【宋】^pr【法護】等譯
1517	般若	佛母般若波羅蜜多圓集要義釋論	^pr【三寶尊菩薩】造^pr【大域龍菩薩造本論】^dy【宋】^pr【施護】等譯
1518	般若	佛母般若波羅蜜多圓集要義論	^pr【大域龍菩薩】造^dy【宋】^pr【施護】等譯
1519	法華	妙法蓮華經憂波提舍	^pr【大乘論師婆藪槃豆釋】^dy【後魏】^pr【菩提留支】共^pr【曇林】等譯
1520	法華	妙法蓮華經論優波提舍	^pr【婆藪般豆菩薩】造^dy【元魏】^pr【勒那摩提】共^pr【僧朗】等譯
1521	華嚴	十住毘婆沙論	^pr【聖者龍樹】造^dy【後秦】^pr【鳩摩羅什】譯
1522	華嚴	十地經論	^pr【天親菩薩】造^dy【後魏】^pr【菩提流支】等譯
1523	寶積	大寶積經論	^dy【後魏】^pr【菩提流支】譯
1524	淨土	無量壽經優波提舍	^pr【婆藪槃豆菩薩】造^dy【元魏】^pr【菩提流支】譯
1525	寶積	彌勒菩薩所問經論	^dy【後魏】^pr【菩提流支】譯
1526	大集	寶髻經四法憂波提舍	^pr【天親菩薩】造^dy【元魏】^pr【毘目智仙】譯
1527	涅槃	涅槃論	^pr【婆藪槃豆】作^dy【元魏】^pr【達磨菩提】譯
1528	涅槃	涅槃經本有今無偈論	^pr【天親菩薩】造^dy【陳】^pr【真諦】譯
1529	涅槃	遺教經論	^pr【天親菩薩】造^dy【陳】^pr【真諦】譯
1530	經集	佛地經論	^pr【親光菩薩】等造^dy【唐】^pr【玄奘】譯
1531	經集	文殊師利菩薩問菩提經論	^pr【天親菩薩】造^dy【元魏】^pr【菩提流支】譯
1532	經集	勝思惟梵天所問經論	^pr【天親菩薩】造^dy【後魏】^pr【菩提流支】譯
1533	經集	轉法輪經憂波提舍	^pr【天親菩薩】造^dy【元魏】^pr【毘目智仙】譯
1534	經集	三具足經憂波提舍	^dy【元魏】^pr【毘目智仙】譯
1535	經集	大乘四法經釋	
1536	毘曇	阿毘達磨集異門足論	^pr【尊者舍利子】說^dy【唐】^pr【玄奘】譯
1537	毘曇	阿毘達磨法蘊足論	^pr【尊者大目乾連】造^dy【唐】^pr【玄奘】譯
1538	毘曇	施設論	^dy【宋】^pr【法護】等譯
1539	毘曇	阿毘達磨識身足論	^pr【提婆設摩】造^dy【唐】^pr【玄奘】譯
1540	毘曇	阿毘達磨界身足論	^pr【尊者世友】造^dy【唐】^pr【玄奘】譯
1541	毘曇	眾事分阿毘曇論	^pr【尊者世友】造^dy【宋】^pr【求那跋陀羅】共^pr【菩提耶舍】譯
1542	毘曇	阿毘達磨品類足論	^pr【尊者世友】造^dy【唐】^pr【玄奘】譯
1543	毘曇	阿毘曇八犍度論	^pr【迦栴延子】造^dy【符秦】^pr【僧伽提婆】共^pr【竺佛念】譯
1544	毘曇	阿毘達磨發智論	^pr【迦多衍尼子】造^dy【唐】^pr【玄奘】譯
1545	毘曇	阿毘達磨大毘婆沙論	^pr【五百大阿羅漢】等造^dy【唐】^pr【玄奘】譯
1546	毘曇	阿毘曇毘婆沙論	^pr【迦旃延子】造^pr【五百羅漢釋】^dy【北涼】^pr【浮陀跋摩】共^pr【道泰】等譯
1547	毘曇	鞞婆沙論	^pr【尸陀槃尼】撰^dy【符秦】^pr【僧伽跋澄】譯
1548	毘曇	舍利弗阿毘曇論	^dy【姚秦】^pr【曇摩耶舍】共^pr【曇摩崛多】等譯
1549	毘曇	尊婆須蜜菩薩所集論	^pr【尊婆須蜜】造^dy【符秦】^pr【僧伽跋澄】等譯
1550	毘曇	阿毘曇心論	^pr【尊者法勝】造^dy【晉】^pr【僧迦提婆】共^pr【慧遠】等譯
1551	毘曇	阿毘曇心論經	^pr【法勝論】^pr【優波扇多釋】^dy【高齊】^pr【那連提耶舍】譯
1552	毘曇	雜阿毘曇心論	^pr【尊者法救】造^dy【宋】^pr【僧伽跋摩】等譯
1553	毘曇	阿毘曇甘露味論	^pr【尊者瞿沙】造^pr【失譯】
1554	毘曇	入阿毘達磨論	^pr【塞建陀羅】造^dy【唐】^pr【玄奘】譯
1555	毘曇	五事毘婆沙論	^pr【尊者法救】造^dy【唐】^pr【玄奘】譯
1556	毘曇	薩婆多宗五事論	^dy【唐】^pr【法成】譯
1557	毘曇	阿毘曇五法行經	^dy【後漢】^pr【安世高】譯
1558	毘曇	阿毘達磨俱舍論	^pr【尊者世親】造^dy【唐】^pr【玄奘】譯
1559	毘曇	阿毘達磨俱舍釋論	^pr【婆藪盤豆】造^dy【陳】^pr【真諦】譯
1560	毘曇	阿毘達磨俱舍論本頌	^pr【世親菩薩】造^dy【唐】^pr【玄奘】譯
1561	毘曇	俱舍論實義疏	^pr【尊者安惠】造
1562	毘曇	阿毘達磨順正理論	^pr【尊者眾賢】造^dy【唐】^pr【玄奘】譯
1563	毘曇	阿毘達磨藏顯宗論	^pr【尊者眾賢】造^dy【唐】^pr【玄奘】譯
1564	中觀	中論	^pr【龍樹菩薩】造^pr【梵志青目釋】^dy【姚秦】^pr【鳩摩羅什】譯
1565	中觀	順中論	^pr【龍樹菩薩】造^pr【無著菩薩釋】^dy【元魏】^pr【瞿曇般若流支】譯
1566	中觀	般若燈論釋	^pr【偈本龍樹菩薩】^pr【釋論分別明菩薩】^dy【唐】^pr【波羅頗蜜多羅】譯
1567	中觀	大乘中觀釋論	^pr【安慧菩薩】造^dy【宋】^pr【惟淨】等譯
1568	中觀	十二門論	^pr【龍樹菩薩】造^dy【姚秦】^pr【鳩摩羅什】譯
1569	中觀	百論	^pr【提婆菩薩】造^pr【婆藪開士釋】^dy【姚秦】^pr【鳩摩羅什】譯
1570	中觀	廣百論本	^pr【聖天菩薩】造^dy【唐】^pr【玄奘】譯
1571	中觀	大乘廣百論釋論	^pr【聖天菩薩本】^pr【護法菩薩釋】^dy【唐】^pr【玄奘】譯
1572	中觀	百字論	^pr【提婆菩薩】造^dy【後魏】^pr【菩提流支】譯
1573	中觀	壹輸盧迦論	^pr【龍樹菩薩】造^dy【後魏】^pr【瞿曇般若留支】譯
1574	中觀	大乘破有論	^pr【龍樹菩薩】造^dy【宋】^pr【施護】譯
1575	中觀	六十頌如理論	^pr【龍樹菩薩】造^dy【宋】^pr【施護】譯
1576	中觀	大乘二十頌論	^pr【龍樹菩薩】造^dy【宋】^pr【施護】譯
1577	中觀	大丈夫論	^pr【提婆羅菩薩】造^dy【北涼】^pr【道泰】譯
1578	中觀	大乘掌珍論	^pr【清辯菩薩】造^dy【唐】^pr【玄奘】譯
1579	瑜伽	瑜伽師地論	^pr【彌勒菩薩】說^dy【唐】^pr【玄奘】譯
1580	瑜伽	瑜伽師地論釋	^pr【最勝子】等造^dy【唐】^pr【玄奘】譯
1581	瑜伽	菩薩地持經	^dy【北涼】^pr【曇無讖】譯
1582	瑜伽	菩薩善戒經	^dy【劉宋】^pr【求那跋摩】譯
1583	瑜伽	菩薩善戒經	^dy【劉宋】^pr【求那跋摩】譯
1584	瑜伽	決定藏論	^dy【梁】^pr【真諦】譯
1585	瑜伽	成唯識論	^pr【護法】等菩薩造^dy【唐】^pr【玄奘】譯
1586	瑜伽	唯識三十論頌	^pr【世親菩薩】造^dy【唐】^pr【玄奘】譯
1587	瑜伽	轉識論	^dy【陳】^pr【真諦】譯
1588	瑜伽	唯識論	^pr【天親菩薩】造^dy【後魏】^pr【瞿曇般若流支】譯
1589	瑜伽	大乘唯識論	^pr【天親菩薩】造^dy【陳】^pr【真諦】譯
1590	瑜伽	唯識二十論	^pr【世親菩薩】造^dy【唐】^pr【玄奘】譯
1591	瑜伽	成唯識寶生論	^pr【護法菩薩】造^dy【唐】^pr【義淨】譯
1592	瑜伽	攝大乘論	^pr【阿僧伽】作^dy【後魏】^pr【佛陀扇多】譯
1593	瑜伽	攝大乘論	^pr【無著菩薩】造^dy【陳】^pr【真諦】譯
1594	瑜伽	攝大乘論本	^pr【無著菩薩】造^dy【唐】^pr【玄奘】譯
1595	瑜伽	攝大乘論釋	^pr【世親菩薩釋】^dy【陳】^pr【真諦】譯
1596	瑜伽	攝大乘論釋論	^pr【世親菩薩】造^dy【隋】^pr【笈多】共^pr【行矩】等譯
1597	瑜伽	攝大乘論釋	^pr【世親菩薩】造^dy【唐】^pr【玄奘】譯
1598	瑜伽	攝大乘論釋	^pr【無性菩薩】造^dy【唐】^pr【玄奘】譯
1599	瑜伽	中邊分別論	^pr【天親菩薩】造^dy【陳】^pr【真諦】譯
1600	瑜伽	辯中邊論	^pr【世親菩薩】造^dy【唐】^pr【玄奘】譯
1601	瑜伽	辯中邊論頌	^pr【彌勒菩薩】說^dy【唐】^pr【玄奘】譯
1602	瑜伽	顯揚聖教論	^pr【無著菩薩】造^dy【唐】^pr【玄奘】譯
1603	瑜伽	顯揚聖教論頌	^pr【無著菩薩】造^dy【唐】^pr【玄奘】譯
1604	瑜伽	大乘莊嚴經論	^pr【無著菩薩】造^dy【唐】^pr【波羅頗蜜多羅】譯
1605	瑜伽	大乘阿毘達磨集論	^pr【無著菩薩】造^dy【唐】^pr【玄奘】譯
1606	瑜伽	大乘阿毘達磨雜集論	^pr【安慧菩薩糅】^dy【唐】^pr【玄奘】譯
1607	瑜伽	六門教授習定論	^pr【無著本】^pr【世親釋】^dy【唐】^pr【義淨】譯
1608	瑜伽	業成就論	^pr【天親菩薩】造^dy【元魏】^pr【毘目智仙】譯
1609	瑜伽	大乘成業論	^pr【世親菩薩】造^dy【唐】^pr【玄奘】譯
1610	瑜伽	佛性論	^pr【天親菩薩】造^dy【陳】^pr【真諦】譯
1611	瑜伽	究竟一乘寶性論	^dy【後魏】^pr【勒那摩提】譯
1612	瑜伽	大乘五蘊論	^pr【世親菩薩】造^dy【唐】^pr【玄奘】譯
1613	瑜伽	大乘廣五蘊論	^pr【安慧菩薩】造^dy【唐】^pr【地婆訶羅】譯
1614	瑜伽	大乘百法明門論	^pr【天親菩薩】造^dy【唐】^pr【玄奘】譯
1615	瑜伽	王法正理論	^pr【彌勒菩薩】造^dy【唐】^pr【玄奘】譯
1616	瑜伽	十八空論	^pr【龍樹菩薩】造^dy【陳】^pr【真諦】譯
1617	瑜伽	三無性論	^dy【陳】^pr【真諦】譯
1618	瑜伽	顯識論	^dy【陳】^pr【真諦】譯
1619	瑜伽	無相思塵論	^pr【陳那菩薩】造^dy【陳】^pr【真諦】譯
1620	瑜伽	解捲論	^pr【陳那菩薩】造^dy【陳】^pr【真諦】譯
1621	瑜伽	掌中論	^pr【陳那菩薩】造^dy【唐】^pr【義淨】譯
1622	瑜伽	取因假設論	^pr【陳那菩薩】造^dy【唐】^pr【義淨】譯
1623	瑜伽	觀總相論頌	^pr【陳那菩薩】造^dy【唐】^pr【義淨】譯
1624	瑜伽	觀所緣緣論	^pr【陳那菩薩】造^dy【唐】^pr【玄奘】譯
1625	瑜伽	觀所緣論釋	^pr【護法菩薩】造^dy【唐】^pr【義淨】譯
1626	瑜伽	大乘法界無差別論	^pr【堅慧菩薩】造^dy【唐】^pr【提雲般若】等譯
1627	瑜伽	大乘法界無差別論	^pr【堅慧菩薩】造^dy【唐】^pr【提雲般若】譯
1628	論集	因明正理門論本	^pr【大域龍菩薩】造^dy【唐】^pr【玄奘】譯
1629	論集	因明正理門論	^pr【大域龍菩薩】造^dy【唐】^pr【義淨】譯
1630	論集	因明入正理論	^pr【南羯羅主菩薩】造^dy【唐】^pr【玄奘】譯
1631	論集	迴諍論	^pr【龍樹菩薩】造^dy【後魏】^pr【毘目智仙】共^pr【瞿曇流支】譯
1632	論集	方便心論	^dy【後魏】^pr【吉迦夜】譯
1633	論集	如實論	^dy【陳】^pr【真諦】譯
1634	論集	入大乘論	^pr【堅意菩薩】造^dy【北涼】^pr【道泰】等譯
1635	論集	大乘寶要義論	^dy【宋】^pr【法護】等譯
1636	論集	大乘集菩薩學論	^pr【法稱菩薩】造^dy【宋】^pr【法護】等譯
1637	論集	集大乘相論	^pr【覺吉祥智菩薩】造^dy【宋】^pr【施護】譯
1638	論集	集諸法寶最上義論	^pr【善寂菩薩】造^dy【宋】^pr【施護】譯
1639	論集	提婆菩薩破楞伽經中外道小乘四宗論	^pr【提波菩薩】造^dy【後魏】^pr【菩提流支】譯
1640	論集	提婆菩薩釋楞伽經中外道小乘涅槃論	^pr【提波菩薩】造^dy【後魏】^pr【菩提流支】譯
1641	論集	隨相論	^pr【德慧法師】造^dy【陳】^pr【真諦】譯
1642	論集	金剛針論	^pr【法稱菩薩】造^dy【宋】^pr【法天】譯
1643	論集	尼乾子問無我義經	^pr【馬鳴菩薩】集^dy【宋】^pr【日稱】譯
1644	論集	佛說立世阿毘曇論	^dy【陳】^pr【真諦】譯
1645	論集	彰所知論	^pr【發合思巴】造^dy【元】^pr【沙羅巴】譯
1646	論集	成實論	^pr【訶梨跋摩】造^dy【姚秦】^pr【鳩摩羅什】譯
1647	論集	四諦論	^pr【婆藪跋摩】造^dy【陳】^pr【真諦】譯
1648	論集	解脫道論	^pr【優波底沙】造^dy【梁】^pr【僧伽婆羅】譯
1649	論集	三彌底部論	^pr【失譯】
1650	論集	辟支佛因緣論	^pr【失譯】
1651	論集	十二因緣論	^pr【淨意菩薩】造^dy【後魏】^pr【菩提流支】譯
1652	論集	緣生論	^pr【欝楞迦】造^dy【隋】^pr【達磨笈多】譯
1653	論集	大乘緣生論	^pr【欝楞迦】造^dy【唐】^pr【不空】譯
1654	論集	因緣心論頌因緣心論釋	^pr【猛龍菩薩】造
1655	論集	止觀門論頌	^pr【世親菩薩】造^dy【唐】^pr【義淨】譯
1656	論集	寶行王正論	^dy【陳】^pr【真諦】譯
1657	論集	手杖論	^pr【釋迦稱】造^dy【唐】^pr【義淨】譯
1658	論集	諸教決定名義論	^pr【慈氏菩薩】造^dy【宋】^pr【施護】譯
1659	論集	發菩提心經論	^pr【天親菩薩】造^dy【後秦】^pr【鳩摩羅什】譯
1660	論集	菩提資糧論	^pr【龍樹本】^pr【自在比丘釋】^dy【隋】^pr【達磨笈多】譯
1661	論集	菩提心離相論	^pr【龍樹菩薩】造^dy【宋】^pr【施護】譯
1662	論集	菩提行經	^pr【龍樹菩薩集頌】^dy【宋】^pr【天息災】譯
1663	論集	菩提心觀釋	^dy【宋】^pr【法天】譯
1664	論集	廣釋菩提心論	^pr【蓮華戒菩薩】造^dy【宋】^pr【施護】譯
1665	論集	金剛頂瑜伽中發阿耨多羅三藐三菩提心論	^dy【唐】^pr【不空】譯
1666	論集	大乘起信論	^pr【馬鳴菩薩】造^dy【梁】^pr【真諦】譯
1667	論集	大乘起信論	^pr【馬鳴菩薩】造^dy【唐】^pr【實叉難陀】譯
1668	論集	釋摩訶衍論	^pr【龍樹菩薩】造^dy【姚秦】^pr【筏提摩多】譯
1669	論集	大宗地玄文本論	^pr【馬鳴菩薩】造^dy【陳】^pr【真諦】譯
1670a	論集	那先比丘經	^pr【失譯】
1670b	論集	那先比丘經	^pr【失譯】
1671	論集	福蓋正行所集經	^pr【龍樹菩薩】集^dy【宋】^pr【日稱】等譯
1672	論集	龍樹菩薩為禪陀迦王說法要偈	^dy【宋】^pr【求那跋摩】譯
1673	論集	勸發諸王要偈	^pr【龍樹菩薩】撰^dy【宋】^pr【僧伽跋摩】譯
1674	論集	龍樹菩薩勸誡王頌	^dy【唐】^pr【義淨】譯
1675	論集	讚法界頌	^pr【龍樹菩薩】造^dy【宋】^pr【施護】譯
1676	論集	廣大發願頌	^pr【龍樹菩薩】造^dy【宋】^pr【施護】等譯
1677	論集	三身梵讚	^dy【宋】^pr【法賢】譯
1678	論集	佛三身讚	^pr【西土賢聖】撰^dy【宋】^pr【法賢】譯
1679	論集	佛一百八名讚	^dy【宋】^pr【法天】譯
1680	論集	一百五十讚佛頌	^pr【摩咥里制吒】造^dy【唐】^pr【義淨】譯
1681	論集	佛吉祥德讚	^pr【寂友尊者】造^dy【宋】^pr【施護】譯
1682	論集	七佛讚唄伽他	^dy【宋】^pr【法天】譯
1683	論集	犍稚梵讚	^dy【宋】^pr【法賢】譯
1684	論集	八大靈塔梵讚	^pr【西天戒日王製】^dy【宋】^pr【法賢】譯
1685	論集	佛說八大靈塔名號經	^dy【宋】^pr【法賢】譯
1686	論集	賢聖集伽陀一百頌	^dy【宋】^pr【天息災】譯
1687	論集	事師法五十頌	^pr【馬鳴菩薩】集^dy【宋】^pr【日稱】等譯
1688	論集	密跡力士大權神王經偈頌	^dy【元】^pr【管主八】撰
1689	論集	請賓頭盧法	^dy【劉宋】^pr【慧簡】譯
1690	論集	賓頭盧突羅闍為優陀延王說法經	^dy【劉宋】^pr【求那跋陀羅】譯
1691	論集	迦葉仙人說醫女人經	^dy【宋】^pr【法賢】譯
1692	論集	勝軍化世百喻伽他經	^dy【宋】^pr【天息災】譯
1693	阿含	人本欲生經註	^dy【東晉】^pr【道安】撰
1694	阿含	陰持入經註	^dy【吳】^pr【陳慧】撰
1695	般若	大般若波羅蜜多經般若理趣分述讚	^dy【唐】^pr【窺基】撰
1696	般若	大品經遊意	^dy【隋】^pr【吉藏】撰
1697	般若	大慧度經宗要	^dy【新羅】^pr【元曉】撰
1698	般若	金剛般若經疏	^dy【隋】^pr【智顗】說
1699	般若	金剛般若疏	^dy【隋】^pr【吉藏】撰
1700	般若	金剛般若經贊述	^dy【唐】^pr【窺基】撰
1701	般若	金剛般若經疏論纂要	^dy【唐】^pr【宗密】述^dy【宋】^pr【子璿治定】
1702	般若	金剛經纂要刊定記	^dy【宋】^pr【子璿】錄
1703	般若	金剛般若波羅蜜經註解	^dy【明】^pr【宗泐】^pr【如玘同】註
1704	般若	金剛般若波羅蜜經略疏	^dy【唐】^pr【智儼】述
1705	般若	仁王護國般若經疏	^dy【隋】^pr【智顗】說^pr【灌頂】記
1706	般若	仁王護國般若波羅蜜經疏神寶記	^dy【宋】^pr【善月】述
1707	般若	仁王般若經疏	^dy【隋】^pr【吉藏】撰
1708	般若	仁王經疏	^dy【唐】^pr【圓測】撰
1709	般若	仁王護國般若波羅蜜多經疏	^dy【唐】^pr【良賁】述
1710	般若	般若波羅蜜多心經幽贊	^dy【唐】^pr【窺基】撰
1711	般若	般若波羅蜜多心經贊	^dy【唐】^pr【圓測】撰
1712	般若	般若波羅蜜多心經略疏	^dy【唐】^pr【法藏】述
1713	般若	般若心經略疏連珠記	^dy【宋】^pr【師會】述
1714	般若	般若波羅蜜多心經註解	^dy【明】^pr【宗泐】^pr【如玘同】註
1715	法華	法華經義記	^dy【梁】^pr【法雲】撰
1716	法華	妙法蓮華經玄義	^dy【隋】^pr【智顗】說
1717	法華	法華玄義釋籤	^dy【唐】^pr【湛然】述
1718	法華	妙法蓮華經文句	^dy【隋】^pr【智顗】說
1719	法華	法華文句記	^dy【唐】^pr【湛然】述
1720	法華	法華玄論	^dy【隋】^pr【吉藏】撰
1721	法華	法華義疏	^dy【隋】^pr【吉藏】撰
1722	法華	法華遊意	^dy【隋】^pr【吉藏】造
1723	法華	妙法蓮華經玄贊	^dy【唐】^pr【窺基】撰
1724	法華	法華玄贊義決	^dy【唐】^pr【慧沼】撰
1725	法華	法華宗要	^dy【新羅】^pr【元曉】撰
1726	法華	觀音玄義	^dy【隋】^pr【智顗】說^pr【灌頂】記
1727	法華	觀音玄義記	^dy【宋】^pr【知禮】述
1728	法華	觀音義疏	^dy【隋】^pr【智顗】說^pr【灌頂】記
1729	法華	觀音義疏記	^dy【宋】^pr【知禮】述
1730	法華	金剛三昧經論	^dy【新羅】^pr【元曉】述
1731	華嚴	華嚴遊意	^dy【隋】^pr【吉藏】撰
1732	華嚴	大方廣佛華嚴經搜玄分齊通智方軌	^dy【唐】^pr【智儼】述
1733	華嚴	華嚴經探玄記	^dy【唐】^pr【法藏】述
1734	華嚴	花嚴經文義綱目	^dy【唐】^pr【法藏】撰
1735	華嚴	大方廣佛華嚴經疏	^dy【唐】^pr【澄觀】撰
1736	華嚴	大方廣佛華嚴經隨疏演義鈔	^dy【唐】^pr【澄觀】述
1737	華嚴	大華嚴經略策	^dy【唐】^pr【澄觀】述
1738	華嚴	新譯華嚴經七處九會頌釋章	^dy【唐】^pr【澄觀】述
1739	華嚴	新華嚴經論	^dy【唐】^pr【李通玄】撰
1740	華嚴	大方廣佛華嚴經中卷卷大意略敘	^dy【唐】^pr【李通玄】造
1741	華嚴	略釋新華嚴經修行次第決疑論	^dy【唐】^pr【李通玄】撰
1742	華嚴	大方廣佛華嚴經願行觀門骨目	^dy【唐】^pr【湛然】撰
1743	華嚴	皇帝降誕日於麟德殿講大方廣佛華嚴經玄義一部	^dy【唐】^pr【靜居】撰
1744	寶積	勝鬘寶窟	^dy【隋】^pr【吉藏】撰
1745	淨土	無量壽經義疏	^dy【隋】^pr【慧遠】撰
1746	淨土	無量壽經義疏	^dy【隋】^pr【吉藏】撰
1747	淨土	兩卷無量壽經宗要	^dy【新羅】^pr【元曉】撰
1748	淨土	無量壽經連義述文贊	^dy【新羅】^pr【璟興】撰
1749	淨土	觀無量壽經義疏	^dy【隋】^pr【慧遠】撰
1750	淨土	觀無量壽佛經疏	^dy【隋】^pr【智顗】說
1751	淨土	觀無量壽佛經疏妙宗鈔	^dy【宋】^pr【知禮】述
1752	淨土	觀無量壽經義疏	^dy【隋】^pr【吉藏】撰
1753	淨土	觀無量壽佛經疏	^dy【唐】^pr【善導集】記
1754	淨土	觀無量壽佛經義疏	^dy【宋】^pr【元照】述
1755	淨土	阿彌陀經義記	^dy【隋】^pr【智顗】說
1756	淨土	阿彌陀經義述	^dy【唐】^pr【慧淨】述
1757	淨土	阿彌陀經疏	^dy【唐】^pr【窺基】撰
1758	淨土	阿彌陀經通贊疏	^dy【唐】^pr【窺基】撰
1759	淨土	阿彌陀經疏	^dy【新羅】^pr【元曉】述
1760	淨土	阿彌陀經疏	^dy【宋】^pr【智圓】述
1761	淨土	阿彌陀經義疏	^dy【宋】^pr【元照】述
1762	淨土	阿彌陀經要解	^dy【明】^pr【智旭】解
1763	涅槃	大般涅槃經集解	^dy【梁】^pr【寶亮】等集
1764	涅槃	大般涅槃經義記	^dy【隋】^pr【慧遠】述
1765	涅槃	大般涅槃經玄義	^dy【隋】^pr【灌頂】撰
1766	涅槃	涅槃玄義發源機要	^dy【宋】^pr【智圓】述
1767	涅槃	大般涅槃經疏	^dy【隋】^pr【灌頂】撰
1768	涅槃	涅槃經遊意	^dy【隋】^pr【吉藏】撰
1769	涅槃	涅槃宗要	^dy【新羅】^pr【元曉】撰
1770	經集	本願藥師經古迹	^dy【新羅】^pr【太賢】撰
1771	經集	彌勒經遊意	^dy【隋】^pr【吉藏】撰
1772	經集	觀彌勒上生兜率天經贊	^dy【唐】^pr【窺基】撰
1773	經集	彌勒上生經宗要	^dy【新羅】^pr【元曉】撰
1774	經集	三彌勒經疏	^dy【新羅】^pr【憬興】撰
1775	經集	注維摩詰經	^dy【後秦】^pr【僧肇】撰
1776	經集	維摩義記	^dy【隋】^pr【慧遠】撰
1777	經集	維摩經玄疏	^dy【隋】^pr【智顗】撰
1778	經集	維摩經略疏	^dy【隋】^pr【智顗】說^dy【唐】^pr【湛然略】
1779	經集	維摩經略疏垂裕記	^dy【宋】^pr【智圓】述
1780	經集	淨名玄論	^dy【隋】^pr【吉藏】造
1781	經集	維摩經義疏	^dy【隋】^pr【吉藏】撰
1782	經集	說無垢稱經疏	^dy【唐】^pr【窺基】撰
1783	經集	金光明經玄義	^dy【隋】^pr【智顗】說^pr【灌頂】錄
1784	經集	金光明經玄義拾遺記	^dy【宋】^pr【知禮】述
1785	經集	金光明經文句	^dy【隋】^pr【智顗】說^pr【灌頂】錄
1786	經集	金光明經文句記	^dy【宋】^pr【知禮】述
1787	經集	金光明經疏	^dy【隋】^pr【吉藏】撰
1788	經集	金光明最勝王經疏	^dy【唐】^pr【慧沼】撰
1789	經集	楞伽阿跋多羅寶經註解	^dy【明】^pr【宗泐】^pr【如玘同】註
1790	經集	入楞伽心玄義	^dy【唐】^pr【法藏】撰
1791	經集	注大乘入楞伽經	^dy【宋】^pr【寶臣】述
1792	經集	佛說盂蘭盆經疏	^dy【唐】^pr【宗密】述
1793	經集	溫室經義記	^dy【隋】^pr【慧遠】撰
1794	經集	註四十二章經	^dy【宋】^pr【真宗皇帝】註
1795	經集	大方廣圓覺修多羅了義經略疏	^dy【唐】^pr【宗密】述
1796	密教	大毘盧遮那成佛經疏	^dy【唐】^pr【一行】記
1797	密教	大毘盧遮那經供養次第法疏	^dy【唐】^pr【不可思議】撰
1798	密教	金剛頂經大瑜伽祕密心地法門義訣	^dy【唐】^pr【不空】撰
1799	密教	首楞嚴義疏注經	^dy【宋】^pr【子璿】集
1800	密教	請觀音經疏	^dy【隋】^pr【智顗】說^pr【灌頂】記
1801	密教	請觀音經疏闡義鈔	^dy【宋】^pr【智圓】述
1802	密教	十一面神呪心經義疏	^dy【唐】^pr【慧沼】撰
1803	密教	佛頂尊勝陀羅尼經教跡義記	^dy【唐】^pr【法崇】述
1804	律	四分律刪繁補闕行事鈔	^dy【唐】^pr【道宣】撰
1805	律	四分律行事鈔資持記	^dy【宋】^pr【元照】撰
1806	律	四分律比丘含注戒本	^dy【唐】^pr【道宣】述
1807	律	四分比丘戒本疏	^dy【唐】^pr【定賓】撰
1808	律	四分律刪補隨機羯磨	^dy【唐】^pr【道宣】集
1809	律	僧羯磨	^dy【唐】^pr【懷素】集
1810	律	尼羯磨	^dy【唐】^pr【懷素】集
1811	律	菩薩戒義疏	^dy【隋】^pr【智顗】說^pr【灌頂】記
1812	律	天台菩薩戒疏	^dy【唐】^pr【明曠刪】補
1813	律	梵網經菩薩戒本疏	^dy【唐】^pr【法藏】撰
1814	律	菩薩戒本疏	^dy【新羅】^pr【義寂】述
1815	律	梵網經古迹記	^dy【新羅】^pr【太賢】集
1816	般若	金剛般若論會釋	^dy【唐】^pr【窺基】撰
1817	般若	略明般若末後一頌讚述	^dy【唐】^pr【義淨】述
1818	法華	法華論疏	^dy【隋】^pr【吉藏】撰
1819	淨土	無量壽經優婆提舍願生偈註	^dy【北魏】^pr【曇鸞】註解
1820	涅槃	佛遺教經論疏節要	^dy【宋】^pr【淨源節要】^dy【明】^pr【袾宏】補註
1821	毘曇	俱舍論記	^dy【唐】^pr【普光】述
1822	毘曇	俱舍論疏	^dy【唐】^pr【法寶】撰
1823	毘曇	俱舍論頌疏論本	^dy【唐】^pr【圓暉】述
1824	中觀	中觀論疏	^dy【隋】^pr【吉藏】撰
1825	中觀	十二門論疏	^dy【隋】^pr【吉藏】撰
1826	中觀	十二門論宗致義記	^dy【唐】^pr【法藏】述
1827	中觀	百論疏	^dy【隋】^pr【吉藏】撰
1828	瑜伽	瑜伽論記	^dy【唐】^pr【遁倫】集撰
1829	瑜伽	瑜伽師地論略纂	^dy【唐】^pr【窺基】撰
1830	瑜伽	成唯識論述記	^dy【唐】^pr【窺基】撰
1831	瑜伽	成唯識論掌中樞要	^dy【唐】^pr【窺基】撰
1832	瑜伽	成唯識論了義燈	^dy【唐】^pr【惠沼】述
1833	瑜伽	成唯識論演祕	^dy【唐】^pr【智周】撰
1834	瑜伽	唯識二十論述記	^dy【唐】^pr【窺基】撰
1835	瑜伽	辯中邊論述記	^dy【唐】^pr【窺基】撰
1836	瑜伽	大乘百法明門論解	^dy【唐】^pr【窺基】註解^dy【明】^pr【普泰】增修
1837	瑜伽	大乘百法明門論疏	^dy【唐】^pr【大乘光】撰
1838	瑜伽	大乘法界無差別論疏	^dy【唐】^pr【法藏】撰
1839	論集	理門論述記	^dy【唐】^pr【神泰】撰
1840	論集	因明入正理論疏	^dy【唐】^pr【窺基】撰
1841	論集	因明義斷	^dy【唐】^pr【慧沼】撰
1842	論集	因明入正理論義纂要	^dy【唐】^pr【慧沼】集
1843	論集	大乘起信論義疏	^dy【隋】^pr【慧遠】撰
1844	論集	起信論疏	^dy【新羅】^pr【元曉】撰
1845	論集	大乘起信論別記	^dy【新羅】^pr【元曉】撰
1846	論集	大乘起信論義記	^dy【唐】^pr【法藏】撰
1847	論集	大乘起信論義記別記	^dy【唐】^pr【法藏】撰
1848	論集	起信論疏筆削記	^dy【宋】^pr【子璿】錄
1849	論集	大乘起信論內義略探記	^dy【新羅】^pr【太賢】作
1850	論集	大乘起信論裂網疏	^dy【明】^pr【智旭】述
1851	瑜伽	大乘義章	^dy【隋】^pr【慧遠】撰
1852	中觀	三論玄義	^dy【隋】^pr【吉藏】撰
1853	中觀	大乘玄論	^dy【隋】^pr【吉藏】撰
1854	中觀	二諦義	^dy【隋】^pr【吉藏】撰
1855	中觀	三論遊意義	^dy【隋】^pr【磧法師】撰
1856	中觀	鳩摩羅什法師大義	^dy【東晉】^pr【慧遠】問^pr【羅什】答
1857	中觀	寶藏論	^dy【後秦】^pr【僧肇】著
1858	中觀	肇論	^dy【後秦】^pr【僧肇】作
1859	中觀	肇論疏	^dy【唐】^pr【元康】撰
1860	中觀	肇論新疏	^dy【元】^pr【文才】述
1861	瑜伽	大乘法苑義林章	^dy【唐】^pr【窺基】撰
1862	瑜伽	勸發菩提心集	^dy【唐】^pr【慧沼】撰
1863	瑜伽	能顯中邊慧日論	^dy【唐】^pr【慧沼】撰
1864	瑜伽	大乘入道次第	^dy【唐】^pr【智周】撰
1865	瑜伽	八識規矩補註	^dy【明】^pr【普泰】補註
1866	華嚴	華嚴一乘教義分齊章	^dy【唐】^pr【法藏】述
1867	華嚴	華嚴五教止觀	^dy【隋】^pr【杜順】說
1868	華嚴	華嚴一乘十玄門	^dy【隋】^pr【杜順】說^dy【唐】^pr【智儼】撰
1869	華嚴	華嚴五十要問答	^dy【唐】^pr【智儼】集
1870	華嚴	華嚴經內章門等雜孔目章	^dy【唐】^pr【智儼】集
1871	華嚴	華嚴經旨歸	^dy【唐】^pr【法藏】述
1872	華嚴	華嚴策林	^dy【唐】^pr【法藏】述
1873	華嚴	華嚴經問答	^dy【唐】^pr【法藏】撰
1874	華嚴	華嚴經明法品內立三寶章	^dy【唐】^pr【法藏】述
1875	華嚴	華嚴經義海百門	^dy【唐】^pr【法藏】述
1876	華嚴	修華嚴奧旨妄盡還源觀	^dy【唐】^pr【法藏】述
1877	華嚴	華嚴遊心法界記	^dy【唐】^pr【法藏】撰
1878	華嚴	華嚴發菩提心章	^dy【唐】^pr【法藏】述
1879a	華嚴	華嚴經關脈義記	^dy【唐】^pr【法藏】撰
1879b	華嚴	華嚴關脈義記	
1880	華嚴	金師子章雲間類解	^dy【唐】^pr【法藏】撰^dy【宋】^pr【淨源】述
1881	華嚴	華嚴經金師子章註	^dy【唐】^pr【法藏】撰^dy【宋】^pr【承遷】註
1882	華嚴	三聖圓融觀門	^dy【唐】^pr【澄觀】述
1883	華嚴	華嚴法界玄鏡	^dy【唐】^pr【澄觀】述
1884	華嚴	註華嚴法界觀門	^dy【唐】^pr【宗密】註
1885	華嚴	註華嚴經題法界觀門頌	^dy【宋】^pr【本嵩】述^pr【琮湛】註
1886	華嚴	原人論	^dy【唐】^pr【宗密】述
1887a	華嚴	華嚴一乘法界圖	^dy【新羅】^pr【義湘】撰
1887b	華嚴	法界圖記叢髓錄	
1888	華嚴	解迷顯智成悲十明論	^dy【唐】^pr【李通玄】撰
1889	華嚴	海印三昧論	^dy【新羅】^pr【明皛】述
1890	華嚴	華嚴一乘成佛妙義	^dy【新羅】^pr【見登之】集
1891	華嚴	文殊指南圖讚	^dy【宋】^pr【惟白】述
1892	律	關中創立戒壇圖經	^dy【唐】^pr【道宣】撰
1893	律	淨心戒觀法	^dy【唐】^pr【道宣】撰
1894	律	釋門章服儀	^dy【唐】^pr【道宣】述
1895	律	量處輕重儀	^dy【唐】^pr【道宣緝】
1896	律	釋門歸敬儀	^dy【唐】^pr【道宣】述
1897	律	教誡新學比丘行護律儀	^dy【唐】^pr【道宣】述
1898	律	律相感通傳	^dy【唐】^pr【道宣】撰
1899	律	中天竺舍衛國祇洹寺圖經	^dy【唐】^pr【道宣】撰
1900	律	佛制比丘六物圖	^dy【宋】^pr【元照】撰
1901	律	護命放生軌儀法	^dy【唐】^pr【義淨】撰
1902	律	受用三水要行法	^dy【唐】^pr【義淨】撰
1903	律	說罪要行法	^dy【唐】^pr【義淨】撰
1904	律	根本說一切有部出家授近圓羯磨儀範	^dy【元】^pr【拔合思巴】集
1905	律	根本說一切有部苾芻習學略法	^dy【元】^pr【拔合思巴】集
1906	律	菩薩戒本宗要	^dy【新羅】^pr【大賢】撰
1907	律	菩薩戒本持犯要記	^dy【新羅】^pr【元曉】述
1908	律	大乘六情懺悔	^dy【新羅】^pr【元曉】撰
1909	律	慈悲道場懺法	^dy【梁】^pr【諸大法師】集撰
1910	律	慈悲水懺法	
1911	法華	摩訶止觀	^dy【隋】^pr【智顗】說
1912	法華	止觀輔行傳弘決	^dy【唐】^pr【湛然】述
1913	法華	止觀義例	^dy【唐】^pr【湛然】述
1914	法華	止觀大意	^dy【唐】^pr【湛然】述
1915	法華	修習止觀坐禪法要	^dy【隋】^pr【智顗】述
1916	法華	釋禪波羅蜜次第法門	^dy【隋】^pr【智顗】說
1917	法華	六妙法門	^dy【隋】^pr【智顗】說
1918	法華	四念處	^dy【隋】^pr【智顗】說
1919	法華	天台智者大師禪門口訣	^dy【隋】^pr【智顗】說
1920	法華	觀心論	^dy【隋】^pr【智顗】述
1921	法華	觀心論疏	^dy【隋】^pr【灌頂】撰
1922	法華	釋摩訶般若波羅蜜經覺意三昧	^dy【隋】^pr【智顗】說
1923	法華	諸法無諍三昧法門	^dy【陳】^pr【慧思】撰
1924	法華	大乘止觀法門	^dy【陳】^pr【慧思】說
1925	法華	法界次第初門	^dy【隋】^pr【智顗】撰
1926	法華	法華經安樂行義	^dy【陳】^pr【慧思】說
1927	法華	十不二門	^dy【唐】^pr【湛然】述
1928	法華	十不二門指要鈔	^dy【宋】^pr【知禮】述
1929	法華	四教義	^dy【隋】^pr【智顗】撰
1930	法華	天台八教大意	^dy【隋】^pr【灌頂】撰
1931	法華	天台四教儀	^dy【高麗】^pr【諦觀】錄
1932	法華	金剛錍	^dy【唐】^pr【湛然】述
1933	法華	南嶽思大禪師立誓願文	^dy【陳】^pr【慧思】撰
1934	法華	國清百錄	^dy【隋】^pr【灌頂】纂
1935	法華	法智遺編觀心二百問	^dy【宋】^pr【繼忠】集
1936	法華	四明十義書	^dy【宋】^pr【知禮】撰
1937	法華	四明尊者教行錄	^dy【宋】^pr【宗曉】編
1938	法華	天台傳佛心印記	^dy【元】^pr【懷則】述
1939	法華	教觀綱宗	^dy【明】^pr【智旭】述
1940	法華	方等三昧行法	^dy【隋】^pr【智顗】說
1941	法華	法華三昧懺儀	^dy【隋】^pr【智顗】撰
1942	法華	法華三昧行事運想補助儀	^dy【唐】^pr【湛然】撰
1943	法華	略法華三昧補助儀	
1944	法華	禮法華經儀式	
1945	法華	金光明懺法補助儀	^dy【宋】^pr【遵式】集
1946	法華	金光明最勝懺儀	^dy【宋】^pr【知禮】集
1947	法華	釋迦如來涅槃禮讚文	^dy【宋】^pr【仁岳】撰
1948	法華	天台智者大師齋忌禮讚文	^dy【宋】^pr【遵式】述
1949	法華	請觀世音菩薩消伏毒害陀羅尼三昧儀	^dy【宋】^pr【遵式】集
1950	法華	千手眼大悲心呪行法	^dy【宋】^pr【知禮】集
1951	法華	熾盛光道場念誦儀	^dy【宋】^pr【遵式】撰
1952	密教	觀自在菩薩如意輪呪課法	
1953	密教	菩提心義	
1954	密教	明佛法根本碑	^dy【唐】^pr【智慧輪】述
1955	密教	顯密圓通成佛心要集	^dy【遼】^pr【道𭮨】集
1956	密教	密呪圓因往生集	^dy【夏】^pr【智廣】等集
1957	淨土	略論安樂淨土義	^dy【後魏】^pr【曇鸞】撰
1958	淨土	安樂集	^dy【唐】^pr【道綽】撰
1959	淨土	觀念阿彌陀佛相海三昧功德法門	^dy【唐】^pr【善導集】記
1960	淨土	釋淨土群疑論	^dy【唐】^pr【懷感】撰
1961	淨土	淨土十疑論	^dy【隋】^pr【智顗】說
1962	淨土	五方便念佛門	^dy【隋】^pr【智顗】撰
1963	淨土	淨土論	^dy【唐】^pr【迦才】撰
1964	淨土	西方要決釋疑通規	^dy【唐】^pr【基】撰
1965	淨土	遊心安樂道	^dy【新羅】^pr【元曉】撰
1966	淨土	念佛鏡	^dy【唐】^pr【道鏡】^pr【善道】共集
1967	淨土	念佛三昧寶王論	^dy【唐】^pr【飛錫】撰
1968	淨土	往生淨土決疑行願二門	^dy【宋】^pr【遵式】撰
1969a	淨土	樂邦文類	^dy【宋】^pr【宗曉】編
1969b	淨土	樂邦遺稿	^dy【宋】^pr【宗曉】編
1970	淨土	龍舒增廣淨土文	^dy【宋】^pr【王日休】撰
1971	淨土	淨土境觀要門	^dy【元】^pr【懷則】述
1972	淨土	淨土或問	^dy【元】^pr【天如則】著
1973	淨土	廬山蓮宗寶鑑	^dy【元】^pr【普度】編
1974	淨土	寶王三昧念佛直指	^dy【明】^pr【妙叶】集
1975	淨土	淨土生無生論	^dy【明】^pr【傳燈】撰
1976	淨土	西方合論	^dy【明】^pr【袁宏道】撰
1977	淨土	淨土疑辨	^dy【明】^pr【袾宏】撰
1978	淨土	讚阿彌陀佛偈	^dy【後魏】^pr【曇鸞】撰
1979	淨土	轉經行道願往生淨土法事讚	^dy【唐】^pr【善導集】記
1980	淨土	往生禮讚偈	^dy【唐】^pr【善導集】記
1981	淨土	依觀經等明般舟三昧行道往生讚	^dy【唐】^pr【善導】撰
1982	淨土	集諸經禮懺儀	^dy【唐】^pr【智昇】撰
1983	淨土	淨土五會念佛略法事儀讚	^dy【唐】^pr【法照】述
1984	淨土	往生淨土懺願儀	^dy【宋】^pr【遵式】撰
1985	禪宗	鎮州臨濟慧照禪師語錄	^dy【唐】^pr【慧然】集
1986a	禪宗	筠州洞山悟本禪師語錄	^dy【日本】^pr【慧印校】
1986b	禪宗	瑞州洞山良价禪師語錄	^dy【明】^pr【語風圓信】^pr【郭凝之】編
1987a	禪宗	撫州曹山元證禪師語錄	^dy【日本】^pr【慧印校】
1987b	禪宗	撫州曹山本寂禪師語錄	^dy【日本】^pr【玄契】編
1988	禪宗	雲門匡真禪師廣錄	^dy【宋】^pr【守堅】集
1989	禪宗	潭州溈山靈祐禪師語錄	^dy【明】^pr【語風圓信】^pr【郭凝之】編
1990	禪宗	袁州仰山慧寂禪師語錄	^dy【明】^pr【語風圓信】^pr【郭凝之】編
1991	禪宗	金陵清涼院文益禪師語錄	^dy【明】^pr【語風圓信】^pr【郭凝之】編
1992	禪宗	汾陽無德禪師語錄	^dy【宋】^pr【楚圓】集
1993	禪宗	黃龍慧南禪師語錄	^dy【宋】^pr【惠泉】集
1994a	禪宗	楊岐方會和尚語錄	^dy【宋】^pr【仁勇】等編
1994b	禪宗	楊岐方會和尚後錄	
1995	禪宗	法演禪師語錄	^dy【宋】^pr【才良】等編
1996	禪宗	明覺禪師語錄	^dy【宋】^pr【惟蓋竺】編
1997	禪宗	圓悟佛果禪師語錄	^dy【宋】^pr【紹隆】等編
1998a	禪宗	大慧普覺禪師語錄	^dy【宋】^pr【蘊聞】編
1998b	史傳	大慧普覺禪師宗門武庫	^dy【宋】^pr【道謙】編
1999	禪宗	密菴和尚語錄	^dy【宋】^pr【崇岳】^pr【了悟】等編
2000	禪宗	虛堂和尚語錄	^dy【宋】^pr【妙源】編
2001	禪宗	宏智禪師廣錄	^dy【宋】^pr【集成】等編
2002a	禪宗	如淨和尚語錄	^dy【宋】^pr【文素】編
2002b	禪宗	天童山景德寺如淨禪師續語錄	^dy【宋】^pr【義遠】編
2003	禪宗	佛果圜悟禪師碧巖錄	^dy【宋】^pr【重顯】頌古^pr【克勤】評唱
2004	禪宗	萬松老人評唱天童覺和尚頌古從容庵錄	^dy【宋】^pr【正覺】頌古^dy【元】^pr【行秀】評唱
2005	禪宗	無門關	^dy【宋】^pr【宗紹】編
2006	禪宗	人天眼目	^dy【宋】^pr【智昭】集
2007	禪宗	南宗頓教最上大乘摩訶般若波羅蜜經六祖惠能大師於韶州大梵寺施法壇經	^dy【唐】^pr【法海】集
2008	禪宗	六祖大師法寶壇經	^dy【元】^pr【宗寶】編
2009	禪宗	少室六門	
2010	禪宗	信心銘	^dy【隋】^pr【僧璨】作
2011	禪宗	最上乘論	^dy【唐】^pr【弘忍】述
2012a	禪宗	黃檗山斷際禪師傳心法要	^dy【唐】^pr【裴休】集
2012b	禪宗	黃檗斷際禪師宛陵錄	^dy【唐】^pr【裴休】集
2013	禪宗	禪宗永嘉集	^dy【唐】^pr【玄覺】撰
2014	禪宗	永嘉證道歌	^dy【唐】^pr【玄覺】撰
2015	禪宗	禪源諸詮集都序	^dy【唐】^pr【宗密】述
2016	禪宗	宗鏡錄	^dy【宋】^pr【延壽】集
2017	禪宗	萬善同歸集	^dy【宋】^pr【延壽】述
2018	禪宗	永明智覺禪師唯心訣	^dy【宋】^pr【延壽】撰
2019a	禪宗	真心直說	^dy【高麗】^pr【知訥】撰
2019b	禪宗	誡初心學人文	^dy【高麗】^pr【知訥】撰
2020	禪宗	高麗國普照禪師修心訣	^dy【高麗】^pr【知訥】撰
2021	禪宗	禪宗決疑集	^dy【元】^pr【智徹】述
2022	禪宗	禪林寶訓	^dy【宋】^pr【淨善】重集
2023	禪宗	緇門警訓	^dy【明】^pr【如巹】續集
2024	禪宗	禪關策進	^dy【明】^pr【袾宏】輯
2025	禪宗	勅修百丈清規	^dy【元】^pr【德煇】重編
2026	史傳	撰集三藏及雜藏傳	^pr【失譯】
2027	史傳	迦葉結經	^dy【後漢】^pr【安世高】譯
2028	史傳	迦丁比丘說當來變經	^pr【失譯】
2029	史傳	佛使比丘迦旃延說法沒盡偈百二十章	^pr【失譯】
2030	史傳	大阿羅漢難提蜜多羅所說法住記	^dy【唐】^pr【玄奘】譯
2031	史傳	異部宗輪論	^pr【世友菩薩】造^dy【唐】^pr【玄奘】譯
2032	史傳	十八部論	^dy【陳】^pr【真諦】譯
2033	史傳	部執異論	^pr【天友菩薩】造^dy【陳】^pr【真諦】譯
2034	史傳	歷代三寶紀	^dy【隋】^pr【費長房】撰
2035	史傳	佛祖統紀	^dy【宋】^pr【志磐】撰
2036	史傳	佛祖歷代通載	^dy【元】^pr【念常】集
2037	史傳	釋氏稽古略	^dy【元】^pr【覺岸】編
2038	史傳	釋鑑稽古略續集	^dy【明】^pr【幻輪】編
2039	史傳	三國遺事	^dy【高麗】^pr【一然】撰
2040	史傳	釋迦譜	^dy【梁】^pr【僧祐】撰
2041	史傳	釋迦氏譜	^dy【唐】^pr【道宣】撰
2042	史傳	阿育王傳	^dy【西晉】^pr【安法欽】譯
2043	史傳	阿育王經	^dy【梁】^pr【僧伽婆羅】譯
2044	史傳	天尊說阿育王譬喻經	^pr【失譯】
2045	史傳	阿育王息壞目因緣經	^dy【符秦】^pr【曇摩難提】譯
2046	史傳	馬鳴菩薩傳	^dy【後秦】^pr【鳩摩羅什】譯
2047a	史傳	龍樹菩薩傳	^dy【姚秦】^pr【鳩摩羅什】譯
2047b	史傳	龍樹菩薩傳	^dy【姚秦】^pr【鳩摩羅什】譯
2048	史傳	提婆菩薩傳	^dy【姚秦】^pr【鳩摩羅什】譯
2049	史傳	婆藪槃豆法師傳	^dy【陳】^pr【真諦】譯
2050	史傳	隋天台智者大師別傳	^dy【隋】^pr【灌頂】撰
2051	史傳	唐護法沙門法琳別傳	^dy【唐】^pr【彥琮】撰
2052	史傳	大唐故三藏玄奘法師行狀	^dy【唐】^pr【冥詳】撰
2053	史傳	大唐大慈恩寺三藏法師傳	^dy【唐】^pr【慧立本】^pr【彥悰】箋
2054	史傳	唐大薦福寺故寺主翻經大德法藏和尚傳	^dy【新羅】^pr【崔致遠】撰
2055	史傳	玄宗朝翻經三藏善無畏贈鴻臚卿行狀	^dy【唐】^pr【李華】撰
2056	史傳	大唐故大德贈司空大辨正廣智不空三藏行狀	^dy【唐】^pr【趙遷】撰
2057	史傳	大唐青龍寺三朝供奉大德行狀	
2058	史傳	付法藏因緣傳	^dy【元魏】^pr【吉迦夜】共^pr【曇曜】譯
2059	史傳	高僧傳	^dy【梁】^pr【慧皎】撰
2060	史傳	續高僧傳	^dy【唐】^pr【道宣】撰
2061	史傳	宋高僧傳	^dy【宋】^pr【贊寧】等撰
2062	史傳	大明高僧傳	^dy【明】^pr【如惺】撰
2063	史傳	比丘尼傳	^dy【梁】^pr【寶唱】撰
2064	史傳	神僧傳	
2065	史傳	海東高僧傳	^dy【高麗】^pr【覺訓】撰
2066	史傳	大唐西域求法高僧傳	^dy【唐】^pr【義淨】撰
2067	史傳	弘贊法華傳	^dy【唐】^pr【惠詳】撰
2068	史傳	法華傳記	^dy【唐】^pr【僧詳】撰
2069	史傳	天台九祖傳	^dy【宋】^pr【士衡】編
2070	史傳	往生西方淨土瑞應傳	
2071	史傳	淨土往生傳	^dy【宋】^pr【戒珠敘】
2072	史傳	往生集	^dy【明】^pr【袾宏】輯
2073	史傳	華嚴經傳記	^dy【唐】^pr【法藏】集
2074	史傳	大方廣佛華嚴經感應傳	^dy【唐】^pr【惠英】撰^pr【胡幽貞】纂
2075	史傳	曆代法寶記	
2076	史傳	景德傳燈錄	^dy【宋】^pr【道原】纂
2077	史傳	續傳燈錄	^dy【明】^pr【居頂】輯
2078	史傳	傳法正宗記	^dy【宋】^pr【契嵩】編
2079	史傳	傳法正宗定祖圖	^dy【宋】^pr【契嵩】撰
2080	史傳	傳法正宗論	^dy【宋】^pr【契嵩】編
2081	史傳	兩部大法相承師資付法記	^dy【唐】^pr【海雲】記
2082	史傳	冥報記	^dy【唐】^pr【唐臨】撰
2083	史傳	釋門自鏡錄	^dy【唐】^pr【懷信】述
2084	史傳	三寶感應要略錄	^dy【宋】^pr【非濁】集
2085	史傳	高僧法顯傳	^dy【東晉】^pr【法顯】記
2086	史傳	北魏僧惠生使西域記	
2087	史傳	大唐西域記	^dy【唐】^pr【玄奘】譯^pr【辯機】撰
2088	史傳	釋迦方志	^dy【唐】^pr【道宣】撰
2089	史傳	遊方記抄	^pr【新羅慧超唐圓照】等撰
2090	史傳	釋迦牟尼如來像法滅盡之記	^dy【唐】^pr【法成】譯
2091	史傳	燉煌錄	
2092	史傳	洛陽伽藍記	^dy【元魏】^pr【楊衒之】撰
2093	史傳	寺塔記	^dy【唐】^pr【段成式】撰
2094	史傳	梁京寺記	
2095	史傳	廬山記	^dy【宋】^pr【陳舜俞】撰
2096	史傳	天台山記	^dy【唐】^pr【徐靈府】撰
2097	史傳	南嶽總勝集	^dy【宋】^pr【陳田夫】撰
2098	史傳	古清涼傳	^dy【唐】^pr【慧祥】撰
2099	史傳	廣清涼傳	^dy【宋】^pr【延一】編
2100	史傳	續清涼傳	^dy【宋】^pr【張商英】述
2101	史傳	補陀洛迦山傳	^dy【元】^pr【盛熙明】述
2102	史傳	弘明集	^dy【梁】^pr【僧祐】撰
2103	史傳	廣弘明集	^dy【唐】^pr【道宣】撰
2104	史傳	集古今佛道論衡	^dy【唐】^pr【道宣】撰
2105	史傳	續集古今佛道論衡	^dy【唐】^pr【智昇】撰
2106	史傳	集神州三寶感通錄	^dy【唐】^pr【道宣】撰
2107	史傳	道宣律師感通錄	^dy【唐】^pr【道宣】撰
2108	史傳	集沙門不應拜俗等事	^dy【唐】^pr【彥悰纂】錄
2109	史傳	破邪論	^dy【唐】^pr【法琳】撰
2110	史傳	辯正論	^dy【唐】^pr【法琳】撰
2111	史傳	十門辯惑論	^dy【唐】^pr【復禮】撰
2112	史傳	甄正論	^dy【唐】^pr【玄嶷】撰
2113	史傳	北山錄	^dy【唐】^pr【神清】撰^pr【慧寶】注
2114	史傳	護法論	^dy【宋】^pr【張商英】述
2115	史傳	鐔津文集	^dy【宋】^pr【契嵩】撰
2116	史傳	辯偽錄	^dy【元】^pr【祥邁】撰
2117	史傳	三教平心論	^dy【元】^pr【劉謐】撰
2118	史傳	折疑論	^pr【師子比丘述】註
2119	史傳	寺沙門玄奘上表記	
2120	史傳	代宗朝贈司空大辨正廣智三藏和上表制集	^dy【唐】^pr【圓照】集
2121	事彙	經律異相	^dy【梁】^pr【寶唱】等集
2122	事彙	法苑珠林	^dy【唐】^pr【道世】撰
2123	事彙	諸經要集	^dy【唐】^pr【道世】集
2124	事彙	法門名義集	^dy【唐】^pr【李師政】撰
2125	史傳	南海寄歸內法傳	^dy【唐】^pr【義淨】撰
2126	史傳	大宋僧史略	^dy【宋】^pr【贊寧】撰
2127	事彙	釋氏要覽	^dy【宋】^pr【道誠】集
2128	事彙	一切經音義	^dy【唐】^pr【慧琳】撰
2129	事彙	續一切經音義	^dy【宋】^pr【希麟】集
2130	事彙	翻梵語	
2131	事彙	翻譯名義集	^dy【宋】^pr【法雲】編
2132	事彙	悉曇字記	^dy【唐】^pr【智廣】撰
2133a	事彙	梵語千字文	^dy【唐】^pr【義淨】撰
2133b	事彙	梵語千字文	^dy【唐】^pr【義淨】撰
2134	事彙	唐梵文字	^dy【唐】^pr【全真】集
2135	事彙	梵語雜名	^dy【唐】^pr【禮言】集
2136	事彙	唐梵兩語雙對集	^dy【唐】^pr【僧怛多蘖多】^pr【波羅瞿那彌捨沙】集
2137	事彙	金七十論	^dy【陳】^pr【真諦】譯
2138	事彙	勝宗十句義論	^pr【慧月】造^dy【唐】^pr【玄奘】譯
2139	事彙	老子化胡經	
2140	事彙	摩尼教下部讚	
2141a	事彙	摩尼光佛教法儀略	^dy【唐】^pr【拂多誕】譯
2141b	事彙	波斯教殘經	
2142	事彙	序聽迷詩所經	
2143	事彙	景教三威蒙度讚	
2144	事彙	大秦景教流行中國碑頌	^dy【唐】^pr【景淨】述
2145	事彙	出三藏記集	^dy【梁】^pr【僧祐】撰
2146	事彙	眾經目錄	^dy【隋】^pr【法經】等撰
2147	事彙	眾經目錄	^dy【隋】^pr【彥琮】撰
2148	事彙	眾經目錄	^dy【唐】^pr【靜泰】撰
2149	事彙	大唐內典錄	^dy【唐】^pr【道宣】撰
2150	事彙	續大唐內典錄	^dy【唐】^pr【道宣】撰
2151	事彙	古今譯經圖紀	^dy【唐】^pr【靖邁】撰
2152	事彙	續古今譯經圖紀	^dy【唐】^pr【智昇】撰
2153	事彙	大周刊定眾經目錄	^dy【唐】^pr【明佺】等撰
2154	事彙	開元釋教錄	^dy【唐】^pr【智昇】撰
2155	事彙	開元釋教錄略出	^dy【唐】^pr【智昇】撰
2156	事彙	大唐貞元續開元釋教錄	^dy【唐】^pr【圓照】集
2157	事彙	貞元新定釋教目錄	^dy【唐】^pr【圓照】撰
2158	事彙	續貞元釋教錄	^dy【南唐】^pr【恒安】集
2159	事彙	傳教大師將來台州錄	^dy【日本】^pr【最澄】撰
2160	事彙	傳教大師將來越州錄	^dy【日本】^pr【最澄】撰
2161	事彙	御請來目錄	^dy【日本】^pr【空海】撰
2162	事彙	根本大和尚真跡策子等目錄	
2163	事彙	常曉和尚請來目錄	^dy【日本】^pr【常曉】撰
2164	事彙	靈巖寺和尚請來法門道具等目錄	^dy【日本】^pr【圓行】撰
2165	事彙	日本國承和五年入唐求法目錄	^dy【日本】^pr【圓仁】撰
2166	事彙	慈覺大師在唐送進錄	^dy【日本】^pr【圓仁】撰
2167	事彙	入唐新求聖教目錄	^dy【日本】^pr【圓仁】撰
2168a	事彙	惠運禪師將來教法目錄	^dy【日本】^pr【惠運】撰
2168b	事彙	惠運律師書目錄	^dy【日本】^pr【惠運】撰
2169	事彙	開元寺求得經疏記等目錄	^dy【日本】^pr【圓珍】撰
2170	事彙	福州溫州台州求得經律論疏記外書等目錄	^dy【日本】^pr【圓珍】撰
2171	事彙	青龍寺求法目錄	^dy【日本】^pr【圓珍】撰
2172	事彙	日本比丘圓珍入唐求法目錄	^dy【日本】^pr【圓珍】撰
2173	事彙	智證大師請來目錄	^dy【日本】^pr【圓珍】撰
2174a	事彙	新書寫請來法門等目錄	^dy【日本】^pr【宗叡】撰
2174b	事彙	禪林寺宗叡僧正目錄	
2175	事彙	錄外經等目錄	
2176	事彙	諸阿闍梨真言密教部類總錄	^dy【日本】^pr【安然】集
2177	事彙	華嚴宗章疏并因明錄	^dy【日本】^pr【圓超】錄
2178	事彙	天台宗章疏	^dy【日本】^pr【玄日】錄
2179	事彙	三論宗章疏	^dy【日本】^pr【安遠】錄
2180	事彙	法相宗章疏	^dy【日本】^pr【平祚】錄
2181	事彙	注進法相宗章疏	^dy【日本】^pr【藏俊】撰
2182	事彙	律宗章疏	^dy【日本】^pr【榮穩】錄
2183	事彙	東域傳燈目錄	^dy【日本】^pr【永超】集
2184	事彙	新編諸宗教藏總錄	^dy【高麗】^pr【義天】錄
2732	敦煌寫本	梁朝傅大士頌金剛經	
2733	敦煌寫本	御注金剛般若波羅蜜經宣演	^dy【唐】^pr【道氤】撰
2734	敦煌寫本	金剛暎卷上	^dy【唐】^pr【寶達】集
2735	敦煌寫本	金剛般若經旨贊	^dy【唐】^pr【曇曠】撰
2736	敦煌寫本	金剛般若經依天親菩薩論贊略釋秦本義記卷上	^dy【唐】^pr【知恩】撰
2737	敦煌寫本	金剛經疏	
2738	敦煌寫本	金剛經疏	
2739	敦煌寫本	金剛般若經挾註	
2740	敦煌寫本	金剛般若義記	
2741	敦煌寫本	金剛般若經疏	
2742	敦煌寫本	金剛般若波羅蜜經傳外傳卷下	
2743	敦煌寫本	持誦金剛經靈驗功德記	
2744	敦煌寫本	仁王般若實相論卷第二	
2745	敦煌寫本	仁王經疏	
2746	敦煌寫本	般若波羅蜜多心經還源述	
2747	敦煌寫本	挾註波羅蜜多心經	
2748	敦煌寫本	法華義記卷第三	
2749	敦煌寫本	法華經疏	
2750	敦煌寫本	法華經疏	
2751	敦煌寫本	法華經疏	
2752	敦煌寫本	法華問答	
2753	敦煌寫本	華嚴經章	
2754	敦煌寫本	華嚴略疏卷第三	
2755	敦煌寫本	華嚴經疏	
2756	敦煌寫本	華嚴經義記卷第一	^dy【後魏】^pr【慧光】撰
2757	敦煌寫本	華嚴經疏卷第三	^dy【新羅】^pr【元曉】撰
2758	敦煌寫本	十地義記卷第一	
2759	敦煌寫本	無量壽經義記卷下	
2760	敦煌寫本	無量壽觀經義記	
2761	敦煌寫本	勝鬘經記	
2762	敦煌寫本	勝鬘經疏	^pr【昭法師】撰
2763	敦煌寫本	挾注勝鬘經	
2764a	敦煌寫本	涅槃經義記	
2764b	敦煌寫本	大涅槃經義記卷第四	
2765	敦煌寫本	涅槃經疏	
2766	敦煌寫本	藥師經疏	
2767	敦煌寫本	藥師經疏	
2768	敦煌寫本	維摩義記	
2769	敦煌寫本	維摩經義記卷第四	
2770	敦煌寫本	維摩經疏	
2771	敦煌寫本	維摩經疏	
2772	敦煌寫本	維摩經疏卷第三．第六	
2773	敦煌寫本	維摩經抄	
2774	敦煌寫本	維摩經疏	
2775	敦煌寫本	維摩疏釋前小序抄
2776	敦煌寫本	釋肇序	^dy【唐】^pr【體請】記
2777	敦煌寫本	淨名經集解關中疏	^dy【唐】^pr【道掖】撰
2778	敦煌寫本	淨名經關中釋抄	^dy【唐】^pr【道掖】撰
2779	敦煌寫本	佛說楞伽經禪門悉談章
2780	敦煌寫本	溫室經疏	^dy【唐】^pr【慧淨】撰
2781	敦煌寫本	盂蘭盆經讚述	^dy【唐】^pr【慧淨】撰
2782	經集	大乘稻芉經隨聽疏	^dy【唐】^pr【法成】撰
2783	經集	大乘稻芉經隨聽疏決
2784	敦煌寫本	大乘四法經釋抄
2785	敦煌寫本	大乘四法經論廣釋開決記
2786	敦煌寫本	天請問經疏
2787	敦煌寫本	四分戒本疏卷第一．第二．第三
2788	敦煌寫本	律戒本疏
2789	敦煌寫本	律戒本疏
2790	敦煌寫本	律雜抄
2791	敦煌寫本	宗四分比丘隨門要略行儀
2792	敦煌寫本	毘尼心
2793	敦煌寫本	三部律抄
2794	敦煌寫本	律抄
2795	敦煌寫本	四部律并論要用抄
2796	敦煌寫本	律抄第三卷手決
2797	敦煌寫本	梵網經述記卷第一
2798	敦煌寫本	本業瓔珞經疏
2799	敦煌寫本	十地論義疏卷第一．第三	^dy【北周】^pr【法上】撰
2800	敦煌寫本	廣百論疏卷第一	^dy【唐】^pr【文軌】撰
2801	敦煌寫本	瑜伽師地論分門記	^dy【唐】^pr【法成】撰^pr【智慧山】記
2802	敦煌寫本	瑜伽論手記	^dy【唐】^pr【法成】述^pr【福慧】記
2803	敦煌寫本	地持義記卷第四
2804	敦煌寫本	唯識三十論要釋
2805	敦煌寫本	攝大乘講疏卷第五．第七
2806	敦煌寫本	攝大乘論抄
2807	敦煌寫本	攝大乘論章卷第一
2808	敦煌寫本	攝論章卷第一
2809	敦煌寫本	攝大乘義章卷第四
2810	敦煌寫本	大乘百法明門論開宗義記	^dy【唐】^pr【曇曠】撰
2811	敦煌寫本	大乘百法明門論開宗義記序釋
2812	敦煌寫本	大乘百法明門論開宗義決	^dy【唐】^pr【曇曠】撰
2813	敦煌寫本	大乘起信論略述	^dy【唐】^pr【曇曠】撰
2814	敦煌寫本	大乘起信論廣釋卷第三．四．五	^dy【唐】^pr【曇曠】撰
2815	敦煌寫本	起信論註
2816	敦煌寫本	因緣心釋論開決記
2817	敦煌寫本	大乘經纂要義
2818	敦煌寫本	大乘二十二問本
2819	敦煌寫本	諸經要抄
2820	敦煌寫本	菩薩藏修道眾經抄卷第十二
2821	敦煌寫本	諸經要略文
2822	敦煌寫本	大乘要語
2823	敦煌寫本	大乘入道次第開決	^dy【唐】^pr【曇曠】撰
2824	敦煌寫本	天台分門圖
2825	敦煌寫本	真言要決卷第一．第三
2826	敦煌寫本	略諸經論念佛法門往生淨土集卷上	^dy【唐】^pr【慧日】撰
2827	敦煌寫本	淨土五會念佛誦經觀行儀卷中．下	^dy【唐】^pr【法照】撰
2828	敦煌寫本	大乘淨土讚
2829	敦煌寫本	持齋念佛懺悔禮文
2830a	敦煌寫本	道安法師念佛讚
2830b	敦煌寫本	道安法師念佛讚文
2831	敦煌寫本	無心論
2832	敦煌寫本	南天竺國菩提達摩禪師觀門
2833	敦煌寫本	觀心論
2834	敦煌寫本	大乘無生方便門
2835	敦煌寫本	大乘開心顯性頓悟真宗論	^dy【唐】^pr【慧光釋】
2836	敦煌寫本	大乘北宗論	^dy【唐】^pr【慧光釋】
2837	敦煌寫本	楞伽師資記	^dy【唐】^pr【淨覺】集
2838	敦煌寫本	傳法寶紀	^dy【唐】^pr【杜朏】撰
2839	敦煌寫本	讚禪門詩
2840	敦煌寫本	三界圖
2841	敦煌寫本	大佛略懺
2842	敦煌寫本	印沙佛文
2843	敦煌寫本	大悲啟請
2844	敦煌寫本	文殊師利菩薩無相十禮
2845	敦煌寫本	押座文類
2846	敦煌寫本	祈願文
2847	敦煌寫本	祈願文
2848	敦煌寫本	迴向文
2849	敦煌寫本	大乘四齋日
2850	敦煌寫本	地藏菩薩十齋日
2851	敦煌寫本	和菩薩戒文
2852	敦煌寫本	入布薩堂說偈文等
2853	敦煌寫本	布薩文等
2854	敦煌寫本	禮懺文
2855	敦煌寫本	禮懺文
2856	敦煌寫本	禮懺文
2857	敦煌寫本	索法號義辯諷誦文
2858	敦煌寫本	大目乾連冥間救母變文并圖
2859	敦煌寫本	惠遠外傳
2860	敦煌寫本	府君存惠傳
2861	敦煌寫本	泉州千佛新著諸祖師頌
2862	敦煌寫本	大蕃沙洲釋門教法和尚洪辯修功德記
2863	敦煌寫本	王梵志詩集
2864	敦煌寫本	進旨
2865	敦煌寫本	護身命經	^pr【界】^pr【比丘道真】
2866	敦煌寫本	護身命經
2867	敦煌寫本	慈仁問八十種好經
2868	敦煌寫本	決罪福經
2869	敦煌寫本	妙好寶車經
2870	敦煌寫本	像法決疑經
2871	敦煌寫本	大通方廣懺悔滅罪莊嚴成佛經
2872	敦煌寫本	妙法蓮華經廣量天地品第二十九
2873	敦煌寫本	首羅比丘經
2874	敦煌寫本	小法滅盡經
2875	敦煌寫本	大方廣華嚴十惡品經
2876	敦煌寫本	天公經
2877	敦煌寫本	如來在金棺囑累清淨莊嚴敬福經
2878	敦煌寫本	救疾經
2879	敦煌寫本	普賢菩薩說證明經
2880	敦煌寫本	究竟大悲經卷第二．三．四
2881	敦煌寫本	善惡因果經
2882	敦煌寫本	呪魅經
2883	敦煌寫本	法王經
2884	敦煌寫本	大威儀請問
2885	敦煌寫本	佛性海藏智慧解脫破心相經
2886	敦煌寫本	佛為心王菩薩說投陀經卷上	^pr【五陰山室寺惠辨禪師】註
2887	敦煌寫本	父母恩重經
2888	敦煌寫本	延壽命經
2889	敦煌寫本	續命經
2890	敦煌寫本	如來成道經
2891	敦煌寫本	山海慧菩薩經
2892	敦煌寫本	現報當受經
2893	敦煌寫本	大辯邪正經
2894	敦煌寫本	三廚經	^pr【西國婆羅門達多羅】及^pr【闍那崛多】等奉詔譯
2895	敦煌寫本	要行捨身經
2896	敦煌寫本	示所犯者瑜伽法鏡經
2897	敦煌寫本	天地八陽神呪經	^dy【唐】^pr【三藏法師義淨奉詔】譯
2898	敦煌寫本	高王觀世音經
2899	敦煌寫本	妙法蓮華經馬明菩薩品第三十
2900	敦煌寫本	齋法清淨經
2901	敦煌寫本	法句經
2902	敦煌寫本	法句經疏
2903	敦煌寫本	無量大慈教經
2904	敦煌寫本	七千佛神符經
2905	敦煌寫本	現在十方千五百佛名並雜佛同號
2906	敦煌寫本	三萬佛同根本神祕之印並法龍種上尊王佛法
2907	敦煌寫本	普賢菩薩行願王經
2908	敦煌寫本	大方廣佛華嚴經普賢菩薩行願王品
2909	敦煌寫本	地藏菩薩經
2910	敦煌寫本	金有陀羅尼經
2911	敦煌寫本	讚僧功德經
2912	敦煌寫本	無常三啟經
2913	敦煌寫本	七女觀經
2914	敦煌寫本	觀經
2915	敦煌寫本	救諸眾生一切苦難經
2916	敦煌寫本	勸善經
2917a	敦煌寫本	新菩薩經
2917b	敦煌寫本	新菩薩經
2918	敦煌寫本	釋家觀化還愚經
2919	敦煌寫本	佛母經
2920	敦煌寫本	僧伽和尚欲入涅槃說六度經